2026-02-27 19:36:00,268 - INFO - sqlalchemy.engine.Engine - BEGIN (implicit)
2026-02-27 19:36:00,270 - INFO - sqlalchemy.engine.Engine - PRAGMA main.table_info("users")
2026-02-27 19:36:00,270 - INFO - sqlalchemy.engine.Engine - [raw sql] ()
2026-02-27 19:36:00,274 - INFO - sqlalchemy.engine.Engine - PRAGMA main.table_info("vinyls")
2026-02-27 19:36:00,275 - INFO - sqlalchemy.engine.Engine - [raw sql] ()
2026-02-27 19:36:00,278 - INFO - sqlalchemy.engine.Engine - PRAGMA main.table_info("tracks")
2026-02-27 19:36:00,279 - INFO - sqlalchemy.engine.Engine - [raw sql] ()
2026-02-27 19:36:00,283 - INFO - sqlalchemy.engine.Engine - PRAGMA main.table_info("artists")
2026-02-27 19:36:00,284 - INFO - sqlalchemy.engine.Engine - [raw sql] ()
2026-02-27 19:36:00,286 - INFO - sqlalchemy.engine.Engine - PRAGMA main.table_info("formats")
2026-02-27 19:36:00,286 - INFO - sqlalchemy.engine.Engine - [raw sql] ()
2026-02-27 19:36:00,289 - INFO - sqlalchemy.engine.Engine - PRAGMA main.table_info("images")
2026-02-27 19:36:00,289 - INFO - sqlalchemy.engine.Engine - [raw sql] ()
2026-02-27 19:36:00,292 - INFO - sqlalchemy.engine.Engine - PRAGMA main.table_info("identifiers")
2026-02-27 19:36:00,294 - INFO - sqlalchemy.engine.Engine - [raw sql] ()
2026-02-27 19:36:00,297 - INFO - sqlalchemy.engine.Engine - COMMIT
2026-02-27 19:36:00,324 - INFO - aiogram.dispatcher - Start polling
2026-02-27 19:36:00,595 - INFO - aiogram.dispatcher - Run polling for bot @Veny_Records_Bot id=8521577266 - '@Vinyl_Records_Bot'
2026-02-27 19:36:14,411 - INFO - sqlalchemy.engine.Engine - BEGIN (implicit)
2026-02-27 19:36:14,481 - INFO - sqlalchemy.engine.Engine - SELECT users.id, users.telegram_id, users.username, users.first_name, users.last_name, users.language_code, users.is_active, users.created_at 
FROM users ORDER BY users.id
2026-02-27 19:36:14,483 - INFO - sqlalchemy.engine.Engine - [generated in 0.00228s] ()
2026-02-27 19:36:14,488 - INFO - sqlalchemy.engine.Engine - ROLLBACK
2026-02-27 19:36:15,929 - INFO - sqlalchemy.engine.Engine - BEGIN (implicit)
2026-02-27 19:36:15,933 - INFO - sqlalchemy.engine.Engine - SELECT users.id AS users_id, users.telegram_id AS users_telegram_id, users.username AS users_username, users.first_name AS users_first_name, users.last_name AS users_last_name, users.language_code AS users_language_code, users.is_active AS users_is_active, users.created_at AS users_created_at 
FROM users 
WHERE users.id = ?
2026-02-27 19:36:15,935 - INFO - sqlalchemy.engine.Engine - [generated in 0.00187s] (1,)
2026-02-27 19:36:15,947 - INFO - sqlalchemy.engine.Engine - UPDATE users SET is_active=? WHERE users.id = ?
2026-02-27 19:36:15,948 - INFO - sqlalchemy.engine.Engine - [generated in 0.00187s] (1, 1)
2026-02-27 19:36:15,954 - INFO - sqlalchemy.engine.Engine - COMMIT
2026-02-27 19:37:11,556 - INFO - sqlalchemy.engine.Engine - BEGIN (implicit)
2026-02-27 19:37:11,558 - INFO - sqlalchemy.engine.Engine - SELECT users.id AS users_id, users.telegram_id AS users_telegram_id, users.username AS users_username, users.first_name AS users_first_name, users.last_name AS users_last_name, users.language_code AS users_language_code, users.is_active AS users_is_active, users.created_at AS users_created_at 
FROM users 
WHERE users.id = ?
2026-02-27 19:37:11,561 - INFO - sqlalchemy.engine.Engine - [cached since 55.63s ago] (1,)
2026-02-27 19:37:11,567 - INFO - sqlalchemy.engine.Engine - UPDATE users SET is_active=? WHERE users.id = ?
2026-02-27 19:37:11,569 - INFO - sqlalchemy.engine.Engine - [cached since 55.62s ago] (0, 1)
2026-02-27 19:37:11,575 - INFO - sqlalchemy.engine.Engine - COMMIT
2026-02-27 19:38:53,326 - INFO - sqlalchemy.engine.Engine - BEGIN (implicit)
2026-02-27 19:38:53,329 - INFO - sqlalchemy.engine.Engine - PRAGMA main.table_info("users")
2026-02-27 19:38:53,329 - INFO - sqlalchemy.engine.Engine - [raw sql] ()
2026-02-27 19:38:53,333 - INFO - sqlalchemy.engine.Engine - PRAGMA main.table_info("vinyls")
2026-02-27 19:38:53,334 - INFO - sqlalchemy.engine.Engine - [raw sql] ()
2026-02-27 19:38:53,338 - INFO - sqlalchemy.engine.Engine - PRAGMA main.table_info("tracks")
2026-02-27 19:38:53,339 - INFO - sqlalchemy.engine.Engine - [raw sql] ()
2026-02-27 19:38:53,343 - INFO - sqlalchemy.engine.Engine - PRAGMA main.table_info("artists")
2026-02-27 19:38:53,344 - INFO - sqlalchemy.engine.Engine - [raw sql] ()
2026-02-27 19:38:53,347 - INFO - sqlalchemy.engine.Engine - PRAGMA main.table_info("formats")
2026-02-27 19:38:53,348 - INFO - sqlalchemy.engine.Engine - [raw sql] ()
2026-02-27 19:38:53,351 - INFO - sqlalchemy.engine.Engine - PRAGMA main.table_info("images")
2026-02-27 19:38:53,352 - INFO - sqlalchemy.engine.Engine - [raw sql] ()
2026-02-27 19:38:53,355 - INFO - sqlalchemy.engine.Engine - PRAGMA main.table_info("identifiers")
2026-02-27 19:38:53,356 - INFO - sqlalchemy.engine.Engine - [raw sql] ()
2026-02-27 19:38:53,360 - INFO - sqlalchemy.engine.Engine - COMMIT
2026-02-27 19:38:53,387 - INFO - aiogram.dispatcher - Start polling
2026-02-27 19:38:53,671 - INFO - aiogram.dispatcher - Run polling for bot @Veny_Records_Bot id=8521577266 - '@Vinyl_Records_Bot'
2026-02-27 19:38:59,240 - INFO - sqlalchemy.engine.Engine - BEGIN (implicit)
2026-02-27 19:38:59,355 - INFO - sqlalchemy.engine.Engine - SELECT users.id AS users_id, users.telegram_id AS users_telegram_id, users.username AS users_username, users.first_name AS users_first_name, users.last_name AS users_last_name, users.language_code AS users_language_code, users.is_active AS users_is_active, users.created_at AS users_created_at 
FROM users 
WHERE users.id = ?
2026-02-27 19:38:59,359 - INFO - sqlalchemy.engine.Engine - [generated in 0.00399s] (1,)
2026-02-27 19:38:59,383 - INFO - sqlalchemy.engine.Engine - UPDATE users SET is_active=? WHERE users.id = ?
2026-02-27 19:38:59,384 - INFO - sqlalchemy.engine.Engine - [generated in 0.00158s] (1, 1)
2026-02-27 19:38:59,392 - INFO - sqlalchemy.engine.Engine - COMMIT
2026-02-27 19:38:59,415 - INFO - sqlalchemy.engine.Engine - BEGIN (implicit)
2026-02-27 19:38:59,420 - INFO - sqlalchemy.engine.Engine - SELECT users.id, users.telegram_id, users.username, users.first_name, users.last_name, users.language_code, users.is_active, users.created_at 
FROM users ORDER BY users.id
2026-02-27 19:38:59,422 - INFO - sqlalchemy.engine.Engine - [generated in 0.00215s] ()
2026-02-27 19:38:59,430 - INFO - sqlalchemy.engine.Engine - ROLLBACK
2026-02-27 19:56:16,878 - INFO - sqlalchemy.engine.Engine - BEGIN (implicit)
2026-02-27 19:56:16,881 - INFO - sqlalchemy.engine.Engine - PRAGMA main.table_info("users")
2026-02-27 19:56:16,882 - INFO - sqlalchemy.engine.Engine - [raw sql] ()
2026-02-27 19:56:16,888 - INFO - sqlalchemy.engine.Engine - PRAGMA main.table_info("vinyls")
2026-02-27 19:56:16,890 - INFO - sqlalchemy.engine.Engine - [raw sql] ()
2026-02-27 19:56:16,895 - INFO - sqlalchemy.engine.Engine - PRAGMA main.table_info("tracks")
2026-02-27 19:56:16,896 - INFO - sqlalchemy.engine.Engine - [raw sql] ()
2026-02-27 19:56:16,902 - INFO - sqlalchemy.engine.Engine - PRAGMA main.table_info("artists")
2026-02-27 19:56:16,904 - INFO - sqlalchemy.engine.Engine - [raw sql] ()
2026-02-27 19:56:16,909 - INFO - sqlalchemy.engine.Engine - PRAGMA main.table_info("formats")
2026-02-27 19:56:16,911 - INFO - sqlalchemy.engine.Engine - [raw sql] ()
2026-02-27 19:56:16,915 - INFO - sqlalchemy.engine.Engine - PRAGMA main.table_info("images")
2026-02-27 19:56:16,916 - INFO - sqlalchemy.engine.Engine - [raw sql] ()
2026-02-27 19:56:16,921 - INFO - sqlalchemy.engine.Engine - PRAGMA main.table_info("identifiers")
2026-02-27 19:56:16,922 - INFO - sqlalchemy.engine.Engine - [raw sql] ()
2026-02-27 19:56:16,930 - INFO - sqlalchemy.engine.Engine - COMMIT
2026-02-27 19:56:16,981 - INFO - aiogram.dispatcher - Start polling
2026-02-27 19:56:17,308 - INFO - sqlalchemy.engine.Engine - BEGIN (implicit)
2026-02-27 19:56:17,422 - INFO - sqlalchemy.engine.Engine - SELECT users.id, users.telegram_id, users.username, users.first_name, users.last_name, users.language_code, users.is_active, users.created_at 
FROM users ORDER BY users.id
2026-02-27 19:56:17,425 - INFO - sqlalchemy.engine.Engine - [generated in 0.00377s] ()
2026-02-27 19:56:17,437 - INFO - sqlalchemy.engine.Engine - ROLLBACK
2026-02-27 19:56:17,536 - INFO - aiogram.dispatcher - Run polling for bot @Veny_Records_Bot id=8521577266 - '@Vinyl_Records_Bot'
2026-02-27 19:56:24,664 - INFO - sqlalchemy.engine.Engine - BEGIN (implicit)
2026-02-27 19:56:24,670 - INFO - sqlalchemy.engine.Engine - SELECT users.id AS users_id, users.telegram_id AS users_telegram_id, users.username AS users_username, users.first_name AS users_first_name, users.last_name AS users_last_name, users.language_code AS users_language_code, users.is_active AS users_is_active, users.created_at AS users_created_at 
FROM users 
WHERE users.id = ?
2026-02-27 19:56:24,673 - INFO - sqlalchemy.engine.Engine - [generated in 0.00314s] (1,)
2026-02-27 19:56:24,694 - INFO - sqlalchemy.engine.Engine - UPDATE users SET is_active=? WHERE users.id = ?
2026-02-27 19:56:24,695 - INFO - sqlalchemy.engine.Engine - [generated in 0.00149s] (0, 1)
2026-02-27 19:56:24,703 - INFO - sqlalchemy.engine.Engine - COMMIT
2026-02-27 19:56:24,724 - INFO - sqlalchemy.engine.Engine - BEGIN (implicit)
2026-02-27 19:56:24,725 - INFO - sqlalchemy.engine.Engine - SELECT users.id, users.telegram_id, users.username, users.first_name, users.last_name, users.language_code, users.is_active, users.created_at 
FROM users ORDER BY users.id
2026-02-27 19:56:24,727 - INFO - sqlalchemy.engine.Engine - [cached since 7.307s ago] ()
2026-02-27 19:56:24,732 - INFO - sqlalchemy.engine.Engine - ROLLBACK
2026-02-27 19:56:26,207 - INFO - sqlalchemy.engine.Engine - BEGIN (implicit)
2026-02-27 19:56:26,208 - INFO - sqlalchemy.engine.Engine - SELECT users.id AS users_id, users.telegram_id AS users_telegram_id, users.username AS users_username, users.first_name AS users_first_name, users.last_name AS users_last_name, users.language_code AS users_language_code, users.is_active AS users_is_active, users.created_at AS users_created_at 
FROM users 
WHERE users.id = ?
2026-02-27 19:56:26,211 - INFO - sqlalchemy.engine.Engine - [cached since 1.541s ago] (1,)
2026-02-27 19:56:26,218 - INFO - sqlalchemy.engine.Engine - UPDATE users SET is_active=? WHERE users.id = ?
2026-02-27 19:56:26,219 - INFO - sqlalchemy.engine.Engine - [cached since 1.525s ago] (1, 1)
2026-02-27 19:56:26,223 - INFO - sqlalchemy.engine.Engine - COMMIT
2026-02-27 19:56:26,241 - INFO - sqlalchemy.engine.Engine - BEGIN (implicit)
2026-02-27 19:56:26,243 - INFO - sqlalchemy.engine.Engine - SELECT users.id, users.telegram_id, users.username, users.first_name, users.last_name, users.language_code, users.is_active, users.created_at 
FROM users ORDER BY users.id
2026-02-27 19:56:26,244 - INFO - sqlalchemy.engine.Engine - [cached since 8.824s ago] ()
2026-02-27 19:56:26,250 - INFO - sqlalchemy.engine.Engine - ROLLBACK
2026-02-27 19:56:29,768 - INFO - sqlalchemy.engine.Engine - BEGIN (implicit)
2026-02-27 19:56:29,770 - INFO - sqlalchemy.engine.Engine - SELECT users.id AS users_id, users.telegram_id AS users_telegram_id, users.username AS users_username, users.first_name AS users_first_name, users.last_name AS users_last_name, users.language_code AS users_language_code, users.is_active AS users_is_active, users.created_at AS users_created_at 
FROM users 
WHERE users.id = ?
2026-02-27 19:56:29,772 - INFO - sqlalchemy.engine.Engine - [cached since 5.101s ago] (3,)
2026-02-27 19:56:29,777 - INFO - sqlalchemy.engine.Engine - UPDATE users SET is_active=? WHERE users.id = ?
2026-02-27 19:56:29,778 - INFO - sqlalchemy.engine.Engine - [cached since 5.084s ago] (0, 3)
2026-02-27 19:56:29,786 - INFO - sqlalchemy.engine.Engine - COMMIT
2026-02-27 19:56:29,805 - INFO - sqlalchemy.engine.Engine - BEGIN (implicit)
2026-02-27 19:56:29,808 - INFO - sqlalchemy.engine.Engine - SELECT users.id, users.telegram_id, users.username, users.first_name, users.last_name, users.language_code, users.is_active, users.created_at 
FROM users ORDER BY users.id
2026-02-27 19:56:29,810 - INFO - sqlalchemy.engine.Engine - [cached since 12.39s ago] ()
2026-02-27 19:56:29,816 - INFO - sqlalchemy.engine.Engine - ROLLBACK
2026-02-27 19:56:30,904 - INFO - sqlalchemy.engine.Engine - BEGIN (implicit)
2026-02-27 19:56:30,906 - INFO - sqlalchemy.engine.Engine - SELECT users.id AS users_id, users.telegram_id AS users_telegram_id, users.username AS users_username, users.first_name AS users_first_name, users.last_name AS users_last_name, users.language_code AS users_language_code, users.is_active AS users_is_active, users.created_at AS users_created_at 
FROM users 
WHERE users.id = ?
2026-02-27 19:56:30,908 - INFO - sqlalchemy.engine.Engine - [cached since 6.238s ago] (3,)
2026-02-27 19:56:30,915 - INFO - sqlalchemy.engine.Engine - UPDATE users SET is_active=? WHERE users.id = ?
2026-02-27 19:56:30,917 - INFO - sqlalchemy.engine.Engine - [cached since 6.223s ago] (1, 3)
2026-02-27 19:56:30,923 - INFO - sqlalchemy.engine.Engine - COMMIT
2026-02-27 19:56:30,942 - INFO - sqlalchemy.engine.Engine - BEGIN (implicit)
2026-02-27 19:56:30,945 - INFO - sqlalchemy.engine.Engine - SELECT users.id, users.telegram_id, users.username, users.first_name, users.last_name, users.language_code, users.is_active, users.created_at 
FROM users ORDER BY users.id
2026-02-27 19:56:30,946 - INFO - sqlalchemy.engine.Engine - [cached since 13.53s ago] ()
2026-02-27 19:56:30,953 - INFO - sqlalchemy.engine.Engine - ROLLBACK
2026-02-27 19:56:41,329 - INFO - sqlalchemy.engine.Engine - BEGIN (implicit)
2026-02-27 19:56:41,335 - INFO - sqlalchemy.engine.Engine - SELECT count(users.id) AS count_1 
FROM users
2026-02-27 19:56:41,338 - INFO - sqlalchemy.engine.Engine - [generated in 0.00285s] ()
2026-02-27 19:56:41,348 - INFO - sqlalchemy.engine.Engine - SELECT count(vinyls.id) AS count_1 
FROM vinyls
2026-02-27 19:56:41,349 - INFO - sqlalchemy.engine.Engine - [generated in 0.00120s] ()
2026-02-27 19:56:41,357 - INFO - sqlalchemy.engine.Engine - SELECT users.id, users.telegram_id, users.username, users.first_name, users.last_name, users.language_code, users.is_active, users.created_at 
FROM users ORDER BY users.created_at DESC
 LIMIT ? OFFSET ?
2026-02-27 19:56:41,359 - INFO - sqlalchemy.engine.Engine - [generated in 0.00206s] (5, 0)
2026-02-27 19:56:41,364 - INFO - sqlalchemy.engine.Engine - ROLLBACK
2026-02-27 20:08:21,162 - INFO - sqlalchemy.engine.Engine - BEGIN (implicit)
2026-02-27 20:08:21,166 - INFO - sqlalchemy.engine.Engine - PRAGMA main.table_info("users")
2026-02-27 20:08:21,167 - INFO - sqlalchemy.engine.Engine - [raw sql] ()
2026-02-27 20:08:21,175 - INFO - sqlalchemy.engine.Engine - PRAGMA main.table_info("vinyls")
2026-02-27 20:08:21,177 - INFO - sqlalchemy.engine.Engine - [raw sql] ()
2026-02-27 20:08:21,182 - INFO - sqlalchemy.engine.Engine - PRAGMA main.table_info("tracks")
2026-02-27 20:08:21,184 - INFO - sqlalchemy.engine.Engine - [raw sql] ()
2026-02-27 20:08:21,188 - INFO - sqlalchemy.engine.Engine - PRAGMA main.table_info("artists")
2026-02-27 20:08:21,190 - INFO - sqlalchemy.engine.Engine - [raw sql] ()
2026-02-27 20:08:21,197 - INFO - sqlalchemy.engine.Engine - PRAGMA main.table_info("formats")
2026-02-27 20:08:21,198 - INFO - sqlalchemy.engine.Engine - [raw sql] ()
2026-02-27 20:08:21,203 - INFO - sqlalchemy.engine.Engine - PRAGMA main.table_info("images")
2026-02-27 20:08:21,204 - INFO - sqlalchemy.engine.Engine - [raw sql] ()
2026-02-27 20:08:21,208 - INFO - sqlalchemy.engine.Engine - PRAGMA main.table_info("identifiers")
2026-02-27 20:08:21,209 - INFO - sqlalchemy.engine.Engine - [raw sql] ()
2026-02-27 20:08:21,218 - INFO - sqlalchemy.engine.Engine - COMMIT
2026-02-27 20:08:21,270 - INFO - aiogram.dispatcher - Start polling
2026-02-27 20:08:21,572 - INFO - sqlalchemy.engine.Engine - BEGIN (implicit)
2026-02-27 20:08:21,684 - INFO - sqlalchemy.engine.Engine - SELECT count(users.id) AS count_1 
FROM users
2026-02-27 20:08:21,686 - INFO - sqlalchemy.engine.Engine - [generated in 0.00216s] ()
2026-02-27 20:08:21,701 - INFO - sqlalchemy.engine.Engine - SELECT count(vinyls.id) AS count_1 
FROM vinyls
2026-02-27 20:08:21,703 - INFO - sqlalchemy.engine.Engine - [generated in 0.00186s] ()
2026-02-27 20:08:21,720 - INFO - sqlalchemy.engine.Engine - SELECT users.id, users.telegram_id, users.username, users.first_name, users.last_name, users.language_code, users.is_active, users.created_at 
FROM users ORDER BY users.created_at DESC
 LIMIT ? OFFSET ?
2026-02-27 20:08:21,722 - INFO - sqlalchemy.engine.Engine - [generated in 0.00251s] (5, 0)
2026-02-27 20:08:21,735 - INFO - sqlalchemy.engine.Engine - ROLLBACK
2026-02-27 20:08:21,882 - INFO - aiogram.dispatcher - Run polling for bot @Veny_Records_Bot id=8521577266 - '@Vinyl_Records_Bot'
2026-02-27 20:08:26,118 - INFO - sqlalchemy.engine.Engine - BEGIN (implicit)
2026-02-27 20:08:26,122 - INFO - sqlalchemy.engine.Engine - SELECT users.id, users.telegram_id, users.username, users.first_name, users.last_name, users.language_code, users.is_active, users.created_at 
FROM users ORDER BY users.id
2026-02-27 20:08:26,124 - INFO - sqlalchemy.engine.Engine - [generated in 0.00274s] ()
2026-02-27 20:08:26,133 - INFO - sqlalchemy.engine.Engine - ROLLBACK
2026-02-27 20:08:44,449 - INFO - sqlalchemy.engine.Engine - BEGIN (implicit)
2026-02-27 20:08:44,450 - INFO - sqlalchemy.engine.Engine - SELECT count(users.id) AS count_1 
FROM users
2026-02-27 20:08:44,452 - INFO - sqlalchemy.engine.Engine - [cached since 22.77s ago] ()
2026-02-27 20:08:44,456 - INFO - sqlalchemy.engine.Engine - SELECT count(vinyls.id) AS count_1 
FROM vinyls
2026-02-27 20:08:44,458 - INFO - sqlalchemy.engine.Engine - [cached since 22.76s ago] ()
2026-02-27 20:08:44,465 - INFO - sqlalchemy.engine.Engine - SELECT users.id, users.telegram_id, users.username, users.first_name, users.last_name, users.language_code, users.is_active, users.created_at 
FROM users ORDER BY users.created_at DESC
 LIMIT ? OFFSET ?
2026-02-27 20:08:44,468 - INFO - sqlalchemy.engine.Engine - [cached since 22.75s ago] (5, 0)
2026-02-27 20:08:44,472 - INFO - sqlalchemy.engine.Engine - ROLLBACK
2026-02-27 20:13:06,845 - INFO - sqlalchemy.engine.Engine - BEGIN (implicit)
2026-02-27 20:13:06,847 - INFO - sqlalchemy.engine.Engine - SELECT users.id, users.telegram_id, users.username, users.first_name, users.last_name, users.language_code, users.is_active, users.created_at 
FROM users ORDER BY users.id
2026-02-27 20:13:06,848 - INFO - sqlalchemy.engine.Engine - [cached since 280.7s ago] ()
2026-02-27 20:13:06,852 - INFO - sqlalchemy.engine.Engine - ROLLBACK
2026-02-27 20:13:25,889 - INFO - sqlalchemy.engine.Engine - BEGIN (implicit)
2026-02-27 20:13:25,890 - INFO - sqlalchemy.engine.Engine - SELECT count(users.id) AS count_1 
FROM users
2026-02-27 20:13:25,894 - INFO - sqlalchemy.engine.Engine - [cached since 304.2s ago] ()
2026-02-27 20:13:25,901 - INFO - sqlalchemy.engine.Engine - SELECT count(vinyls.id) AS count_1 
FROM vinyls
2026-02-27 20:13:25,902 - INFO - sqlalchemy.engine.Engine - [cached since 304.2s ago] ()
2026-02-27 20:13:25,906 - INFO - sqlalchemy.engine.Engine - SELECT users.id, users.telegram_id, users.username, users.first_name, users.last_name, users.language_code, users.is_active, users.created_at 
FROM users ORDER BY users.created_at DESC
 LIMIT ? OFFSET ?
2026-02-27 20:13:25,907 - INFO - sqlalchemy.engine.Engine - [cached since 304.2s ago] (5, 0)
2026-02-27 20:13:25,915 - INFO - sqlalchemy.engine.Engine - ROLLBACK
2026-02-27 20:40:34,554 - INFO - sqlalchemy.engine.Engine - BEGIN (implicit)
2026-02-27 20:40:34,556 - INFO - sqlalchemy.engine.Engine - PRAGMA main.table_info("users")
2026-02-27 20:40:34,557 - INFO - sqlalchemy.engine.Engine - [raw sql] ()
2026-02-27 20:40:34,567 - INFO - sqlalchemy.engine.Engine - PRAGMA main.table_info("vinyls")
2026-02-27 20:40:34,569 - INFO - sqlalchemy.engine.Engine - [raw sql] ()
2026-02-27 20:40:34,573 - INFO - sqlalchemy.engine.Engine - PRAGMA main.table_info("tracks")
2026-02-27 20:40:34,574 - INFO - sqlalchemy.engine.Engine - [raw sql] ()
2026-02-27 20:40:34,578 - INFO - sqlalchemy.engine.Engine - PRAGMA main.table_info("artists")
2026-02-27 20:40:34,579 - INFO - sqlalchemy.engine.Engine - [raw sql] ()
2026-02-27 20:40:34,583 - INFO - sqlalchemy.engine.Engine - PRAGMA main.table_info("formats")
2026-02-27 20:40:34,584 - INFO - sqlalchemy.engine.Engine - [raw sql] ()
2026-02-27 20:40:34,588 - INFO - sqlalchemy.engine.Engine - PRAGMA main.table_info("images")
2026-02-27 20:40:34,589 - INFO - sqlalchemy.engine.Engine - [raw sql] ()
2026-02-27 20:40:34,593 - INFO - sqlalchemy.engine.Engine - PRAGMA main.table_info("identifiers")
2026-02-27 20:40:34,594 - INFO - sqlalchemy.engine.Engine - [raw sql] ()
2026-02-27 20:40:34,599 - INFO - sqlalchemy.engine.Engine - COMMIT
2026-02-27 20:40:34,639 - INFO - aiogram.dispatcher - Start polling
2026-02-27 20:40:35,090 - INFO - sqlalchemy.engine.Engine - BEGIN (implicit)
2026-02-27 20:40:35,181 - INFO - sqlalchemy.engine.Engine - SELECT count(users.id) AS count_1 
FROM users
2026-02-27 20:40:35,183 - INFO - sqlalchemy.engine.Engine - [generated in 0.00314s] ()
2026-02-27 20:40:35,201 - INFO - aiogram.dispatcher - Run polling for bot @Veny_Records_Bot id=8521577266 - '@Vinyl_Records_Bot'
2026-02-27 20:40:35,213 - INFO - sqlalchemy.engine.Engine - SELECT count(vinyls.id) AS count_1 
FROM vinyls
2026-02-27 20:40:35,215 - INFO - sqlalchemy.engine.Engine - [generated in 0.00162s] ()
2026-02-27 20:40:35,230 - INFO - sqlalchemy.engine.Engine - SELECT users.id, users.telegram_id, users.username, users.first_name, users.last_name, users.language_code, users.is_active, users.created_at 
FROM users ORDER BY users.created_at DESC
 LIMIT ? OFFSET ?
2026-02-27 20:40:35,232 - INFO - sqlalchemy.engine.Engine - [generated in 0.00250s] (5, 0)
2026-02-27 20:40:35,241 - INFO - sqlalchemy.engine.Engine - ROLLBACK
2026-02-27 20:40:35,247 - INFO - sqlalchemy.engine.Engine - BEGIN (implicit)
2026-02-27 20:40:35,254 - INFO - sqlalchemy.engine.Engine - SELECT date(users.created_at) AS date_1, count(users.id) AS count_1 
FROM users 
WHERE users.created_at >= ? GROUP BY date(users.created_at)
2026-02-27 20:40:35,256 - INFO - sqlalchemy.engine.Engine - [generated in 0.00209s] ('2026-02-20 20:40:35.245394',)
2026-02-27 20:40:35,271 - INFO - sqlalchemy.engine.Engine - SELECT date(vinyls.created_at) AS date_1, count(vinyls.id) AS count_1 
FROM vinyls 
WHERE vinyls.created_at >= ? GROUP BY date(vinyls.created_at)
2026-02-27 20:40:35,273 - INFO - sqlalchemy.engine.Engine - [generated in 0.00236s] ('2026-02-20 20:40:35.266905',)
2026-02-27 20:40:35,279 - INFO - sqlalchemy.engine.Engine - ROLLBACK
2026-02-27 20:43:37,834 - INFO - sqlalchemy.engine.Engine - BEGIN (implicit)
2026-02-27 20:43:37,837 - INFO - sqlalchemy.engine.Engine - SELECT users.id, users.telegram_id, users.username, users.first_name, users.last_name, users.language_code, users.is_active, users.created_at 
FROM users 
WHERE users.telegram_id = ?
2026-02-27 20:43:37,839 - INFO - sqlalchemy.engine.Engine - [generated in 0.00160s] (7844313698,)
2026-02-27 20:43:37,855 - INFO - sqlalchemy.engine.Engine - COMMIT
2026-02-27 20:43:37,859 - INFO - sqlalchemy.engine.Engine - BEGIN (implicit)
2026-02-27 20:43:37,863 - INFO - sqlalchemy.engine.Engine - SELECT users.id, users.telegram_id, users.username, users.first_name, users.last_name, users.language_code, users.is_active, users.created_at 
FROM users 
WHERE users.id = ?
2026-02-27 20:43:37,864 - INFO - sqlalchemy.engine.Engine - [generated in 0.00137s] (3,)
2026-02-27 20:43:37,873 - INFO - sqlalchemy.engine.Engine - ROLLBACK
2026-02-27 20:43:37,887 - INFO - sqlalchemy.engine.Engine - BEGIN (implicit)
2026-02-27 20:43:37,896 - INFO - sqlalchemy.engine.Engine - SELECT vinyls.id, vinyls.user_id, vinyls.discogs_id, vinyls.title, vinyls.year, vinyls.released, vinyls.country, vinyls.catno, vinyls.notes, vinyls.lowest_price, vinyls.num_for_sale, vinyls.rating_average, vinyls.rating_count, vinyls.have_count, vinyls.want_count, vinyls.genres, vinyls.styles, vinyls.cover_image, vinyls.created_at 
FROM vinyls 
WHERE vinyls.user_id = ? ORDER BY vinyls.id DESC
 LIMIT ? OFFSET ?
2026-02-27 20:43:37,898 - INFO - sqlalchemy.engine.Engine - [generated in 0.00239s] (7844313698, 5, 0)
2026-02-27 20:43:37,921 - INFO - sqlalchemy.engine.Engine - SELECT count(*) AS count_1 
FROM vinyls 
WHERE vinyls.user_id = ?
2026-02-27 20:43:37,924 - INFO - sqlalchemy.engine.Engine - [generated in 0.00388s] (7844313698,)
2026-02-27 20:43:37,929 - INFO - sqlalchemy.engine.Engine - ROLLBACK
2026-02-27 20:43:38,202 - INFO - aiogram.event - Update id=641781954 is handled. Duration 375 ms by bot id=8521577266
2026-02-27 20:44:04,347 - INFO - sqlalchemy.engine.Engine - BEGIN (implicit)
2026-02-27 20:44:04,349 - INFO - sqlalchemy.engine.Engine - SELECT users.id, users.telegram_id, users.username, users.first_name, users.last_name, users.language_code, users.is_active, users.created_at 
FROM users 
WHERE users.telegram_id = ?
2026-02-27 20:44:04,350 - INFO - sqlalchemy.engine.Engine - [cached since 26.51s ago] (7917277814,)
2026-02-27 20:44:04,354 - INFO - sqlalchemy.engine.Engine - COMMIT
2026-02-27 20:44:04,357 - INFO - sqlalchemy.engine.Engine - BEGIN (implicit)
2026-02-27 20:44:04,359 - INFO - sqlalchemy.engine.Engine - SELECT users.id, users.telegram_id, users.username, users.first_name, users.last_name, users.language_code, users.is_active, users.created_at 
FROM users 
WHERE users.id = ?
2026-02-27 20:44:04,362 - INFO - sqlalchemy.engine.Engine - [cached since 26.5s ago] (2,)
2026-02-27 20:44:04,366 - INFO - sqlalchemy.engine.Engine - ROLLBACK
2026-02-27 20:44:04,373 - INFO - sqlalchemy.engine.Engine - BEGIN (implicit)
2026-02-27 20:44:04,375 - INFO - sqlalchemy.engine.Engine - SELECT vinyls.id, vinyls.user_id, vinyls.discogs_id, vinyls.title, vinyls.year, vinyls.released, vinyls.country, vinyls.catno, vinyls.notes, vinyls.lowest_price, vinyls.num_for_sale, vinyls.rating_average, vinyls.rating_count, vinyls.have_count, vinyls.want_count, vinyls.genres, vinyls.styles, vinyls.cover_image, vinyls.created_at 
FROM vinyls 
WHERE vinyls.user_id = ? ORDER BY vinyls.id DESC
 LIMIT ? OFFSET ?
2026-02-27 20:44:04,378 - INFO - sqlalchemy.engine.Engine - [cached since 26.48s ago] (7917277814, 5, 0)
2026-02-27 20:44:04,390 - INFO - sqlalchemy.engine.Engine - SELECT tracks.vinyl_id AS tracks_vinyl_id, tracks.id AS tracks_id, tracks.position AS tracks_position, tracks.title AS tracks_title, tracks.duration AS tracks_duration 
FROM tracks 
WHERE tracks.vinyl_id IN (?, ?)
2026-02-27 20:44:04,392 - INFO - sqlalchemy.engine.Engine - [generated in 0.00229s] (8, 5)
2026-02-27 20:44:04,405 - INFO - sqlalchemy.engine.Engine - SELECT formats.vinyl_id AS formats_vinyl_id, formats.id AS formats_id, formats.name AS formats_name, formats.qty AS formats_qty, formats.descriptions AS formats_descriptions 
FROM formats 
WHERE formats.vinyl_id IN (?, ?)
2026-02-27 20:44:04,406 - INFO - sqlalchemy.engine.Engine - [generated in 0.00188s] (8, 5)
2026-02-27 20:44:04,418 - INFO - sqlalchemy.engine.Engine - SELECT artists.vinyl_id AS artists_vinyl_id, artists.id AS artists_id, artists.name AS artists_name, artists.role AS artists_role, artists.position AS artists_position 
FROM artists 
WHERE artists.vinyl_id IN (?, ?)
2026-02-27 20:44:04,420 - INFO - sqlalchemy.engine.Engine - [generated in 0.00182s] (8, 5)
2026-02-27 20:44:04,427 - INFO - sqlalchemy.engine.Engine - SELECT count(*) AS count_1 
FROM vinyls 
WHERE vinyls.user_id = ?
2026-02-27 20:44:04,429 - INFO - sqlalchemy.engine.Engine - [cached since 26.51s ago] (7917277814,)
2026-02-27 20:44:04,434 - INFO - sqlalchemy.engine.Engine - ROLLBACK
2026-02-27 20:44:04,522 - INFO - aiogram.event - Update id=641781955 is handled. Duration 171 ms by bot id=8521577266
2026-02-27 20:45:37,206 - INFO - sqlalchemy.engine.Engine - BEGIN (implicit)
2026-02-27 20:45:37,208 - INFO - sqlalchemy.engine.Engine - PRAGMA main.table_info("users")
2026-02-27 20:45:37,209 - INFO - sqlalchemy.engine.Engine - [raw sql] ()
2026-02-27 20:45:37,212 - INFO - sqlalchemy.engine.Engine - PRAGMA main.table_info("vinyls")
2026-02-27 20:45:37,213 - INFO - sqlalchemy.engine.Engine - [raw sql] ()
2026-02-27 20:45:37,216 - INFO - sqlalchemy.engine.Engine - PRAGMA main.table_info("tracks")
2026-02-27 20:45:37,217 - INFO - sqlalchemy.engine.Engine - [raw sql] ()
2026-02-27 20:45:37,221 - INFO - sqlalchemy.engine.Engine - PRAGMA main.table_info("artists")
2026-02-27 20:45:37,223 - INFO - sqlalchemy.engine.Engine - [raw sql] ()
2026-02-27 20:45:37,227 - INFO - sqlalchemy.engine.Engine - PRAGMA main.table_info("formats")
2026-02-27 20:45:37,228 - INFO - sqlalchemy.engine.Engine - [raw sql] ()
2026-02-27 20:45:37,231 - INFO - sqlalchemy.engine.Engine - PRAGMA main.table_info("images")
2026-02-27 20:45:37,232 - INFO - sqlalchemy.engine.Engine - [raw sql] ()
2026-02-27 20:45:37,236 - INFO - sqlalchemy.engine.Engine - PRAGMA main.table_info("identifiers")
2026-02-27 20:45:37,237 - INFO - sqlalchemy.engine.Engine - [raw sql] ()
2026-02-27 20:45:37,240 - INFO - sqlalchemy.engine.Engine - COMMIT
2026-02-27 20:45:37,264 - INFO - aiogram.dispatcher - Start polling
2026-02-27 20:45:37,504 - INFO - aiogram.dispatcher - Run polling for bot @Veny_Records_Bot id=8521577266 - '@Vinyl_Records_Bot'
2026-02-27 20:45:54,405 - INFO - sqlalchemy.engine.Engine - BEGIN (implicit)
2026-02-27 20:45:54,501 - INFO - sqlalchemy.engine.Engine - SELECT count(users.id) AS count_1 
FROM users
2026-02-27 20:45:54,503 - INFO - sqlalchemy.engine.Engine - [generated in 0.00204s] ()
2026-02-27 20:45:54,512 - INFO - sqlalchemy.engine.Engine - SELECT count(vinyls.id) AS count_1 
FROM vinyls
2026-02-27 20:45:54,513 - INFO - sqlalchemy.engine.Engine - [generated in 0.00119s] ()
2026-02-27 20:45:54,523 - INFO - sqlalchemy.engine.Engine - SELECT users.id, users.telegram_id, users.username, users.first_name, users.last_name, users.language_code, users.is_active, users.created_at 
FROM users ORDER BY users.created_at DESC
 LIMIT ? OFFSET ?
2026-02-27 20:45:54,525 - INFO - sqlalchemy.engine.Engine - [generated in 0.00248s] (5, 0)
2026-02-27 20:45:54,531 - INFO - sqlalchemy.engine.Engine - ROLLBACK
2026-02-27 20:45:54,535 - INFO - sqlalchemy.engine.Engine - BEGIN (implicit)
2026-02-27 20:45:54,540 - INFO - sqlalchemy.engine.Engine - SELECT date(users.created_at) AS date_1, count(users.id) AS count_1 
FROM users 
WHERE users.created_at >= ? GROUP BY date(users.created_at)
2026-02-27 20:45:54,542 - INFO - sqlalchemy.engine.Engine - [generated in 0.00209s] ('2026-02-20 20:45:54.533010',)
2026-02-27 20:45:54,558 - INFO - sqlalchemy.engine.Engine - SELECT date(vinyls.created_at) AS date_1, count(vinyls.id) AS count_1 
FROM vinyls 
WHERE vinyls.created_at >= ? GROUP BY date(vinyls.created_at)
2026-02-27 20:45:54,560 - INFO - sqlalchemy.engine.Engine - [generated in 0.00156s] ('2026-02-20 20:45:54.533010',)
2026-02-27 20:45:54,565 - INFO - sqlalchemy.engine.Engine - ROLLBACK
2026-02-27 20:45:59,920 - INFO - sqlalchemy.engine.Engine - BEGIN (implicit)
2026-02-27 20:45:59,922 - INFO - sqlalchemy.engine.Engine - SELECT count(users.id) AS count_1 
FROM users
2026-02-27 20:45:59,923 - INFO - sqlalchemy.engine.Engine - [cached since 5.423s ago] ()
2026-02-27 20:45:59,930 - INFO - sqlalchemy.engine.Engine - SELECT count(vinyls.id) AS count_1 
FROM vinyls
2026-02-27 20:45:59,932 - INFO - sqlalchemy.engine.Engine - [cached since 5.422s ago] ()
2026-02-27 20:45:59,938 - INFO - sqlalchemy.engine.Engine - SELECT users.id, users.telegram_id, users.username, users.first_name, users.last_name, users.language_code, users.is_active, users.created_at 
FROM users ORDER BY users.created_at DESC
 LIMIT ? OFFSET ?
2026-02-27 20:45:59,940 - INFO - sqlalchemy.engine.Engine - [cached since 5.418s ago] (5, 0)
2026-02-27 20:45:59,945 - INFO - sqlalchemy.engine.Engine - ROLLBACK
2026-02-27 20:45:59,951 - INFO - sqlalchemy.engine.Engine - BEGIN (implicit)
2026-02-27 20:45:59,957 - INFO - sqlalchemy.engine.Engine - SELECT strftime(?, users.created_at) AS strftime_1, count(users.id) AS count_1 
FROM users GROUP BY strftime(?, users.created_at)
2026-02-27 20:45:59,958 - INFO - sqlalchemy.engine.Engine - [generated in 0.00203s] ('%Y-%m', '%Y-%m')
2026-02-27 20:45:59,969 - INFO - sqlalchemy.engine.Engine - SELECT strftime(?, vinyls.created_at) AS strftime_1, count(vinyls.id) AS count_1 
FROM vinyls GROUP BY strftime(?, vinyls.created_at)
2026-02-27 20:45:59,972 - INFO - sqlalchemy.engine.Engine - [generated in 0.00267s] ('%Y-%m', '%Y-%m')
2026-02-27 20:45:59,976 - INFO - sqlalchemy.engine.Engine - ROLLBACK
2026-02-27 20:46:02,375 - INFO - sqlalchemy.engine.Engine - BEGIN (implicit)
2026-02-27 20:46:02,377 - INFO - sqlalchemy.engine.Engine - SELECT count(users.id) AS count_1 
FROM users
2026-02-27 20:46:02,378 - INFO - sqlalchemy.engine.Engine - [cached since 7.878s ago] ()
2026-02-27 20:46:02,384 - INFO - sqlalchemy.engine.Engine - SELECT count(vinyls.id) AS count_1 
FROM vinyls
2026-02-27 20:46:02,386 - INFO - sqlalchemy.engine.Engine - [cached since 7.875s ago] ()
2026-02-27 20:46:02,400 - INFO - sqlalchemy.engine.Engine - SELECT users.id, users.telegram_id, users.username, users.first_name, users.last_name, users.language_code, users.is_active, users.created_at 
FROM users ORDER BY users.created_at DESC
 LIMIT ? OFFSET ?
2026-02-27 20:46:02,405 - INFO - sqlalchemy.engine.Engine - [cached since 7.883s ago] (5, 0)
2026-02-27 20:46:02,419 - INFO - sqlalchemy.engine.Engine - ROLLBACK
2026-02-27 20:46:02,425 - INFO - sqlalchemy.engine.Engine - BEGIN (implicit)
2026-02-27 20:46:02,426 - INFO - sqlalchemy.engine.Engine - SELECT date(users.created_at) AS date_1, count(users.id) AS count_1 
FROM users 
WHERE users.created_at >= ? GROUP BY date(users.created_at)
2026-02-27 20:46:02,428 - INFO - sqlalchemy.engine.Engine - [cached since 7.888s ago] ('2026-01-28 20:46:02.423744',)
2026-02-27 20:46:02,437 - INFO - sqlalchemy.engine.Engine - SELECT date(vinyls.created_at) AS date_1, count(vinyls.id) AS count_1 
FROM vinyls 
WHERE vinyls.created_at >= ? GROUP BY date(vinyls.created_at)
2026-02-27 20:46:02,438 - INFO - sqlalchemy.engine.Engine - [cached since 7.88s ago] ('2026-01-28 20:46:02.423744',)
2026-02-27 20:46:02,444 - INFO - sqlalchemy.engine.Engine - ROLLBACK
2026-02-27 20:47:23,041 - INFO - sqlalchemy.engine.Engine - BEGIN (implicit)
2026-02-27 20:47:23,044 - INFO - sqlalchemy.engine.Engine - SELECT users.id, users.telegram_id, users.username, users.first_name, users.last_name, users.language_code, users.is_active, users.created_at 
FROM users 
WHERE users.telegram_id = ?
2026-02-27 20:47:23,045 - INFO - sqlalchemy.engine.Engine - [generated in 0.00150s] (7917277814,)
2026-02-27 20:47:23,060 - INFO - sqlalchemy.engine.Engine - COMMIT
2026-02-27 20:47:23,065 - INFO - sqlalchemy.engine.Engine - BEGIN (implicit)
2026-02-27 20:47:23,069 - INFO - sqlalchemy.engine.Engine - SELECT users.id, users.telegram_id, users.username, users.first_name, users.last_name, users.language_code, users.is_active, users.created_at 
FROM users 
WHERE users.id = ?
2026-02-27 20:47:23,070 - INFO - sqlalchemy.engine.Engine - [generated in 0.00210s] (2,)
2026-02-27 20:47:23,076 - INFO - sqlalchemy.engine.Engine - ROLLBACK
2026-02-27 20:47:23,090 - INFO - sqlalchemy.engine.Engine - BEGIN (implicit)
2026-02-27 20:47:23,099 - INFO - sqlalchemy.engine.Engine - SELECT vinyls.id, vinyls.user_id, vinyls.discogs_id, vinyls.title, vinyls.year, vinyls.released, vinyls.country, vinyls.catno, vinyls.notes, vinyls.lowest_price, vinyls.num_for_sale, vinyls.rating_average, vinyls.rating_count, vinyls.have_count, vinyls.want_count, vinyls.genres, vinyls.styles, vinyls.cover_image, vinyls.created_at 
FROM vinyls 
WHERE vinyls.id = ?
2026-02-27 20:47:23,101 - INFO - sqlalchemy.engine.Engine - [generated in 0.00250s] (8,)
2026-02-27 20:47:23,122 - INFO - sqlalchemy.engine.Engine - SELECT tracks.vinyl_id AS tracks_vinyl_id, tracks.id AS tracks_id, tracks.position AS tracks_position, tracks.title AS tracks_title, tracks.duration AS tracks_duration 
FROM tracks 
WHERE tracks.vinyl_id IN (?)
2026-02-27 20:47:23,124 - INFO - sqlalchemy.engine.Engine - [generated in 0.00234s] (8,)
2026-02-27 20:47:23,136 - INFO - sqlalchemy.engine.Engine - SELECT formats.vinyl_id AS formats_vinyl_id, formats.id AS formats_id, formats.name AS formats_name, formats.qty AS formats_qty, formats.descriptions AS formats_descriptions 
FROM formats 
WHERE formats.vinyl_id IN (?)
2026-02-27 20:47:23,137 - INFO - sqlalchemy.engine.Engine - [generated in 0.00164s] (8,)
2026-02-27 20:47:23,144 - INFO - sqlalchemy.engine.Engine - SELECT artists.vinyl_id AS artists_vinyl_id, artists.id AS artists_id, artists.name AS artists_name, artists.role AS artists_role, artists.position AS artists_position 
FROM artists 
WHERE artists.vinyl_id IN (?)
2026-02-27 20:47:23,146 - INFO - sqlalchemy.engine.Engine - [generated in 0.00192s] (8,)
2026-02-27 20:47:23,155 - INFO - sqlalchemy.engine.Engine - SELECT images.vinyl_id AS images_vinyl_id, images.id AS images_id, images.type AS images_type, images.uri AS images_uri, images.uri150 AS images_uri150, images.width AS images_width, images.height AS images_height 
FROM images 
WHERE images.vinyl_id IN (?)
2026-02-27 20:47:23,157 - INFO - sqlalchemy.engine.Engine - [generated in 0.00186s] (8,)
2026-02-27 20:47:23,167 - INFO - sqlalchemy.engine.Engine - SELECT identifiers.vinyl_id AS identifiers_vinyl_id, identifiers.id AS identifiers_id, identifiers.type AS identifiers_type, identifiers.value AS identifiers_value, identifiers.description AS identifiers_description 
FROM identifiers 
WHERE identifiers.vinyl_id IN (?)
2026-02-27 20:47:23,169 - INFO - sqlalchemy.engine.Engine - [generated in 0.00189s] (8,)
2026-02-27 20:47:23,173 - INFO - sqlalchemy.engine.Engine - ROLLBACK
2026-02-27 20:47:24,636 - INFO - aiogram.event - Update id=641781956 is handled. Duration 1609 ms by bot id=8521577266
2026-02-27 20:47:27,629 - INFO - sqlalchemy.engine.Engine - BEGIN (implicit)
2026-02-27 20:47:27,631 - INFO - sqlalchemy.engine.Engine - SELECT users.id, users.telegram_id, users.username, users.first_name, users.last_name, users.language_code, users.is_active, users.created_at 
FROM users 
WHERE users.telegram_id = ?
2026-02-27 20:47:27,632 - INFO - sqlalchemy.engine.Engine - [cached since 4.589s ago] (7917277814,)
2026-02-27 20:47:27,636 - INFO - sqlalchemy.engine.Engine - COMMIT
2026-02-27 20:47:27,639 - INFO - sqlalchemy.engine.Engine - BEGIN (implicit)
2026-02-27 20:47:27,640 - INFO - sqlalchemy.engine.Engine - SELECT users.id, users.telegram_id, users.username, users.first_name, users.last_name, users.language_code, users.is_active, users.created_at 
FROM users 
WHERE users.id = ?
2026-02-27 20:47:27,642 - INFO - sqlalchemy.engine.Engine - [cached since 4.574s ago] (2,)
2026-02-27 20:47:27,649 - INFO - sqlalchemy.engine.Engine - ROLLBACK
2026-02-27 20:47:27,738 - INFO - aiogram.event - Update id=641781957 is handled. Duration 109 ms by bot id=8521577266
2026-02-27 20:47:29,433 - INFO - sqlalchemy.engine.Engine - BEGIN (implicit)
2026-02-27 20:47:29,434 - INFO - sqlalchemy.engine.Engine - SELECT users.id, users.telegram_id, users.username, users.first_name, users.last_name, users.language_code, users.is_active, users.created_at 
FROM users 
WHERE users.telegram_id = ?
2026-02-27 20:47:29,435 - INFO - sqlalchemy.engine.Engine - [cached since 6.392s ago] (7917277814,)
2026-02-27 20:47:29,439 - INFO - sqlalchemy.engine.Engine - COMMIT
2026-02-27 20:47:29,444 - INFO - sqlalchemy.engine.Engine - BEGIN (implicit)
2026-02-27 20:47:29,446 - INFO - sqlalchemy.engine.Engine - SELECT users.id, users.telegram_id, users.username, users.first_name, users.last_name, users.language_code, users.is_active, users.created_at 
FROM users 
WHERE users.id = ?
2026-02-27 20:47:29,447 - INFO - sqlalchemy.engine.Engine - [cached since 6.38s ago] (2,)
2026-02-27 20:47:29,451 - INFO - sqlalchemy.engine.Engine - ROLLBACK
2026-02-27 20:47:29,462 - INFO - sqlalchemy.engine.Engine - BEGIN (implicit)
2026-02-27 20:47:29,469 - INFO - sqlalchemy.engine.Engine - SELECT DISTINCT vinyls.id, vinyls.user_id, vinyls.discogs_id, vinyls.title, vinyls.year, vinyls.released, vinyls.country, vinyls.catno, vinyls.notes, vinyls.lowest_price, vinyls.num_for_sale, vinyls.rating_average, vinyls.rating_count, vinyls.have_count, vinyls.want_count, vinyls.genres, vinyls.styles, vinyls.cover_image, vinyls.created_at 
FROM vinyls JOIN artists ON vinyls.id = artists.vinyl_id 
WHERE vinyls.user_id = ? AND (lower(vinyls.title) LIKE lower(?) OR lower(artists.name) LIKE lower(?)) ORDER BY vinyls.id DESC
 LIMIT ? OFFSET ?
2026-02-27 20:47:29,471 - INFO - sqlalchemy.engine.Engine - [generated in 0.00324s] (7917277814, '%/stats%', '%/stats%', 5, 0)
2026-02-27 20:47:29,490 - INFO - sqlalchemy.engine.Engine - SELECT count(distinct(vinyls.id)) AS count_1 
FROM vinyls JOIN artists ON vinyls.id = artists.vinyl_id 
WHERE vinyls.user_id = ? AND (lower(vinyls.title) LIKE lower(?) OR lower(artists.name) LIKE lower(?))
2026-02-27 20:47:29,492 - INFO - sqlalchemy.engine.Engine - [generated in 0.00285s] (7917277814, '%/stats%', '%/stats%')
2026-02-27 20:47:29,497 - INFO - sqlalchemy.engine.Engine - ROLLBACK
2026-02-27 20:47:29,590 - INFO - aiogram.event - Update id=641781958 is handled. Duration 155 ms by bot id=8521577266
2026-02-27 20:47:30,711 - INFO - sqlalchemy.engine.Engine - BEGIN (implicit)
2026-02-27 20:47:30,712 - INFO - sqlalchemy.engine.Engine - SELECT users.id, users.telegram_id, users.username, users.first_name, users.last_name, users.language_code, users.is_active, users.created_at 
FROM users 
WHERE users.telegram_id = ?
2026-02-27 20:47:30,713 - INFO - sqlalchemy.engine.Engine - [cached since 7.67s ago] (7917277814,)
2026-02-27 20:47:30,718 - INFO - sqlalchemy.engine.Engine - COMMIT
2026-02-27 20:47:30,721 - INFO - sqlalchemy.engine.Engine - BEGIN (implicit)
2026-02-27 20:47:30,722 - INFO - sqlalchemy.engine.Engine - SELECT users.id, users.telegram_id, users.username, users.first_name, users.last_name, users.language_code, users.is_active, users.created_at 
FROM users 
WHERE users.id = ?
2026-02-27 20:47:30,724 - INFO - sqlalchemy.engine.Engine - [cached since 7.656s ago] (2,)
2026-02-27 20:47:30,729 - INFO - sqlalchemy.engine.Engine - ROLLBACK
2026-02-27 20:47:30,737 - INFO - sqlalchemy.engine.Engine - BEGIN (implicit)
2026-02-27 20:47:30,743 - INFO - sqlalchemy.engine.Engine - SELECT vinyls.id, vinyls.user_id, vinyls.discogs_id, vinyls.title, vinyls.year, vinyls.released, vinyls.country, vinyls.catno, vinyls.notes, vinyls.lowest_price, vinyls.num_for_sale, vinyls.rating_average, vinyls.rating_count, vinyls.have_count, vinyls.want_count, vinyls.genres, vinyls.styles, vinyls.cover_image, vinyls.created_at 
FROM vinyls 
WHERE vinyls.user_id = ? ORDER BY vinyls.id DESC
 LIMIT ? OFFSET ?
2026-02-27 20:47:30,746 - INFO - sqlalchemy.engine.Engine - [generated in 0.00295s] (7917277814, 5, 0)
2026-02-27 20:47:30,756 - INFO - sqlalchemy.engine.Engine - SELECT tracks.vinyl_id AS tracks_vinyl_id, tracks.id AS tracks_id, tracks.position AS tracks_position, tracks.title AS tracks_title, tracks.duration AS tracks_duration 
FROM tracks 
WHERE tracks.vinyl_id IN (?, ?)
2026-02-27 20:47:30,759 - INFO - sqlalchemy.engine.Engine - [generated in 0.00299s] (8, 5)
2026-02-27 20:47:30,768 - INFO - sqlalchemy.engine.Engine - SELECT formats.vinyl_id AS formats_vinyl_id, formats.id AS formats_id, formats.name AS formats_name, formats.qty AS formats_qty, formats.descriptions AS formats_descriptions 
FROM formats 
WHERE formats.vinyl_id IN (?, ?)
2026-02-27 20:47:30,769 - INFO - sqlalchemy.engine.Engine - [generated in 0.00187s] (8, 5)
2026-02-27 20:47:30,779 - INFO - sqlalchemy.engine.Engine - SELECT artists.vinyl_id AS artists_vinyl_id, artists.id AS artists_id, artists.name AS artists_name, artists.role AS artists_role, artists.position AS artists_position 
FROM artists 
WHERE artists.vinyl_id IN (?, ?)
2026-02-27 20:47:30,781 - INFO - sqlalchemy.engine.Engine - [generated in 0.00187s] (8, 5)
2026-02-27 20:47:30,786 - INFO - sqlalchemy.engine.Engine - SELECT count(*) AS count_1 
FROM vinyls 
WHERE vinyls.user_id = ?
2026-02-27 20:47:30,787 - INFO - sqlalchemy.engine.Engine - [generated in 0.00095s] (7917277814,)
2026-02-27 20:47:30,792 - INFO - sqlalchemy.engine.Engine - ROLLBACK
2026-02-27 20:47:30,877 - INFO - aiogram.event - Update id=641781959 is handled. Duration 171 ms by bot id=8521577266
2026-02-27 20:47:32,102 - INFO - sqlalchemy.engine.Engine - BEGIN (implicit)
2026-02-27 20:47:32,103 - INFO - sqlalchemy.engine.Engine - SELECT users.id, users.telegram_id, users.username, users.first_name, users.last_name, users.language_code, users.is_active, users.created_at 
FROM users 
WHERE users.telegram_id = ?
2026-02-27 20:47:32,105 - INFO - sqlalchemy.engine.Engine - [cached since 9.062s ago] (7917277814,)
2026-02-27 20:47:32,110 - INFO - sqlalchemy.engine.Engine - COMMIT
2026-02-27 20:47:32,113 - INFO - sqlalchemy.engine.Engine - BEGIN (implicit)
2026-02-27 20:47:32,115 - INFO - sqlalchemy.engine.Engine - SELECT users.id, users.telegram_id, users.username, users.first_name, users.last_name, users.language_code, users.is_active, users.created_at 
FROM users 
WHERE users.id = ?
2026-02-27 20:47:32,116 - INFO - sqlalchemy.engine.Engine - [cached since 9.049s ago] (2,)
2026-02-27 20:47:32,120 - INFO - sqlalchemy.engine.Engine - ROLLBACK
2026-02-27 20:47:32,206 - INFO - aiogram.event - Update id=641781960 is handled. Duration 110 ms by bot id=8521577266
2026-02-27 20:47:34,391 - INFO - sqlalchemy.engine.Engine - BEGIN (implicit)
2026-02-27 20:47:34,392 - INFO - sqlalchemy.engine.Engine - SELECT count(users.id) AS count_1 
FROM users
2026-02-27 20:47:34,393 - INFO - sqlalchemy.engine.Engine - [cached since 99.89s ago] ()
2026-02-27 20:47:34,396 - INFO - sqlalchemy.engine.Engine - SELECT count(vinyls.id) AS count_1 
FROM vinyls
2026-02-27 20:47:34,397 - INFO - sqlalchemy.engine.Engine - [cached since 99.89s ago] ()
2026-02-27 20:47:34,401 - INFO - sqlalchemy.engine.Engine - SELECT users.id, users.telegram_id, users.username, users.first_name, users.last_name, users.language_code, users.is_active, users.created_at 
FROM users ORDER BY users.created_at DESC
 LIMIT ? OFFSET ?
2026-02-27 20:47:34,402 - INFO - sqlalchemy.engine.Engine - [cached since 99.88s ago] (5, 0)
2026-02-27 20:47:34,408 - INFO - sqlalchemy.engine.Engine - ROLLBACK
2026-02-27 20:47:34,412 - INFO - sqlalchemy.engine.Engine - BEGIN (implicit)
2026-02-27 20:47:34,413 - INFO - sqlalchemy.engine.Engine - SELECT date(users.created_at) AS date_1, count(users.id) AS count_1 
FROM users 
WHERE users.created_at >= ? GROUP BY date(users.created_at)
2026-02-27 20:47:34,415 - INFO - sqlalchemy.engine.Engine - [cached since 99.87s ago] ('2026-01-28 20:47:34.410330',)
2026-02-27 20:47:34,421 - INFO - sqlalchemy.engine.Engine - SELECT date(vinyls.created_at) AS date_1, count(vinyls.id) AS count_1 
FROM vinyls 
WHERE vinyls.created_at >= ? GROUP BY date(vinyls.created_at)
2026-02-27 20:47:34,423 - INFO - sqlalchemy.engine.Engine - [cached since 99.86s ago] ('2026-01-28 20:47:34.410330',)
2026-02-27 20:47:34,428 - INFO - sqlalchemy.engine.Engine - ROLLBACK
2026-02-27 20:47:37,820 - INFO - sqlalchemy.engine.Engine - BEGIN (implicit)
2026-02-27 20:47:37,821 - INFO - sqlalchemy.engine.Engine - SELECT count(users.id) AS count_1 
FROM users
2026-02-27 20:47:37,823 - INFO - sqlalchemy.engine.Engine - [cached since 103.3s ago] ()
2026-02-27 20:47:37,828 - INFO - sqlalchemy.engine.Engine - SELECT count(vinyls.id) AS count_1 
FROM vinyls
2026-02-27 20:47:37,830 - INFO - sqlalchemy.engine.Engine - [cached since 103.3s ago] ()
2026-02-27 20:47:37,838 - INFO - sqlalchemy.engine.Engine - SELECT users.id, users.telegram_id, users.username, users.first_name, users.last_name, users.language_code, users.is_active, users.created_at 
FROM users ORDER BY users.created_at DESC
 LIMIT ? OFFSET ?
2026-02-27 20:47:37,840 - INFO - sqlalchemy.engine.Engine - [cached since 103.3s ago] (5, 0)
2026-02-27 20:47:37,846 - INFO - sqlalchemy.engine.Engine - ROLLBACK
2026-02-27 20:47:37,850 - INFO - sqlalchemy.engine.Engine - BEGIN (implicit)
2026-02-27 20:47:37,853 - INFO - sqlalchemy.engine.Engine - SELECT date(users.created_at) AS date_1, count(users.id) AS count_1 
FROM users 
WHERE users.created_at >= ? GROUP BY date(users.created_at)
2026-02-27 20:47:37,855 - INFO - sqlalchemy.engine.Engine - [cached since 103.3s ago] ('2026-02-20 20:47:37.849115',)
2026-02-27 20:47:37,862 - INFO - sqlalchemy.engine.Engine - SELECT date(vinyls.created_at) AS date_1, count(vinyls.id) AS count_1 
FROM vinyls 
WHERE vinyls.created_at >= ? GROUP BY date(vinyls.created_at)
2026-02-27 20:47:37,864 - INFO - sqlalchemy.engine.Engine - [cached since 103.3s ago] ('2026-02-20 20:47:37.849115',)
2026-02-27 20:47:37,869 - INFO - sqlalchemy.engine.Engine - ROLLBACK
2026-02-27 20:47:45,325 - INFO - sqlalchemy.engine.Engine - BEGIN (implicit)
2026-02-27 20:47:45,327 - INFO - sqlalchemy.engine.Engine - SELECT count(users.id) AS count_1 
FROM users
2026-02-27 20:47:45,328 - INFO - sqlalchemy.engine.Engine - [cached since 110.8s ago] ()
2026-02-27 20:47:45,334 - INFO - sqlalchemy.engine.Engine - SELECT count(vinyls.id) AS count_1 
FROM vinyls
2026-02-27 20:47:45,336 - INFO - sqlalchemy.engine.Engine - [cached since 110.8s ago] ()
2026-02-27 20:47:45,363 - INFO - sqlalchemy.engine.Engine - SELECT users.id, users.telegram_id, users.username, users.first_name, users.last_name, users.language_code, users.is_active, users.created_at 
FROM users ORDER BY users.created_at DESC
 LIMIT ? OFFSET ?
2026-02-27 20:47:45,368 - INFO - sqlalchemy.engine.Engine - [cached since 110.8s ago] (5, 0)
2026-02-27 20:47:45,375 - INFO - sqlalchemy.engine.Engine - ROLLBACK
2026-02-27 20:47:45,379 - INFO - sqlalchemy.engine.Engine - BEGIN (implicit)
2026-02-27 20:47:45,382 - INFO - sqlalchemy.engine.Engine - SELECT date(users.created_at) AS date_1, count(users.id) AS count_1 
FROM users 
WHERE users.created_at >= ? GROUP BY date(users.created_at)
2026-02-27 20:47:45,384 - INFO - sqlalchemy.engine.Engine - [cached since 110.8s ago] ('2026-01-28 20:47:45.377817',)
2026-02-27 20:47:45,390 - INFO - sqlalchemy.engine.Engine - SELECT date(vinyls.created_at) AS date_1, count(vinyls.id) AS count_1 
FROM vinyls 
WHERE vinyls.created_at >= ? GROUP BY date(vinyls.created_at)
2026-02-27 20:47:45,392 - INFO - sqlalchemy.engine.Engine - [cached since 110.8s ago] ('2026-01-28 20:47:45.377817',)
2026-02-27 20:47:45,399 - INFO - sqlalchemy.engine.Engine - ROLLBACK
2026-02-27 20:47:46,394 - INFO - sqlalchemy.engine.Engine - BEGIN (implicit)
2026-02-27 20:47:46,395 - INFO - sqlalchemy.engine.Engine - SELECT count(users.id) AS count_1 
FROM users
2026-02-27 20:47:46,397 - INFO - sqlalchemy.engine.Engine - [cached since 111.9s ago] ()
2026-02-27 20:47:46,401 - INFO - sqlalchemy.engine.Engine - SELECT count(vinyls.id) AS count_1 
FROM vinyls
2026-02-27 20:47:46,402 - INFO - sqlalchemy.engine.Engine - [cached since 111.9s ago] ()
2026-02-27 20:47:46,406 - INFO - sqlalchemy.engine.Engine - SELECT users.id, users.telegram_id, users.username, users.first_name, users.last_name, users.language_code, users.is_active, users.created_at 
FROM users ORDER BY users.created_at DESC
 LIMIT ? OFFSET ?
2026-02-27 20:47:46,407 - INFO - sqlalchemy.engine.Engine - [cached since 111.9s ago] (5, 0)
2026-02-27 20:47:46,412 - INFO - sqlalchemy.engine.Engine - ROLLBACK
2026-02-27 20:47:46,416 - INFO - sqlalchemy.engine.Engine - BEGIN (implicit)
2026-02-27 20:47:46,418 - INFO - sqlalchemy.engine.Engine - SELECT date(users.created_at) AS date_1, count(users.id) AS count_1 
FROM users 
WHERE users.created_at >= ? GROUP BY date(users.created_at)
2026-02-27 20:47:46,420 - INFO - sqlalchemy.engine.Engine - [cached since 111.9s ago] ('2026-02-20 20:47:46.415512',)
2026-02-27 20:47:46,425 - INFO - sqlalchemy.engine.Engine - SELECT date(vinyls.created_at) AS date_1, count(vinyls.id) AS count_1 
FROM vinyls 
WHERE vinyls.created_at >= ? GROUP BY date(vinyls.created_at)
2026-02-27 20:47:46,427 - INFO - sqlalchemy.engine.Engine - [cached since 111.9s ago] ('2026-02-20 20:47:46.415512',)
2026-02-27 20:47:46,433 - INFO - sqlalchemy.engine.Engine - ROLLBACK
2026-02-27 20:47:58,442 - INFO - sqlalchemy.engine.Engine - BEGIN (implicit)
2026-02-27 20:47:58,443 - INFO - sqlalchemy.engine.Engine - SELECT users.id, users.telegram_id, users.username, users.first_name, users.last_name, users.language_code, users.is_active, users.created_at 
FROM users 
WHERE users.telegram_id = ?
2026-02-27 20:47:58,444 - INFO - sqlalchemy.engine.Engine - [cached since 35.4s ago] (7917277814,)
2026-02-27 20:47:58,448 - INFO - sqlalchemy.engine.Engine - COMMIT
2026-02-27 20:47:58,452 - INFO - sqlalchemy.engine.Engine - BEGIN (implicit)
2026-02-27 20:47:58,454 - INFO - sqlalchemy.engine.Engine - SELECT users.id, users.telegram_id, users.username, users.first_name, users.last_name, users.language_code, users.is_active, users.created_at 
FROM users 
WHERE users.id = ?
2026-02-27 20:47:58,456 - INFO - sqlalchemy.engine.Engine - [cached since 35.39s ago] (2,)
2026-02-27 20:47:58,460 - INFO - sqlalchemy.engine.Engine - ROLLBACK
2026-02-27 20:47:58,565 - INFO - aiogram.event - Update id=641781961 is handled. Duration 125 ms by bot id=8521577266
2026-02-27 20:47:59,268 - INFO - sqlalchemy.engine.Engine - BEGIN (implicit)
2026-02-27 20:47:59,270 - INFO - sqlalchemy.engine.Engine - SELECT users.id, users.telegram_id, users.username, users.first_name, users.last_name, users.language_code, users.is_active, users.created_at 
FROM users 
WHERE users.telegram_id = ?
2026-02-27 20:47:59,271 - INFO - sqlalchemy.engine.Engine - [cached since 36.23s ago] (7917277814,)
2026-02-27 20:47:59,275 - INFO - sqlalchemy.engine.Engine - COMMIT
2026-02-27 20:47:59,278 - INFO - sqlalchemy.engine.Engine - BEGIN (implicit)
2026-02-27 20:47:59,279 - INFO - sqlalchemy.engine.Engine - SELECT users.id, users.telegram_id, users.username, users.first_name, users.last_name, users.language_code, users.is_active, users.created_at 
FROM users 
WHERE users.id = ?
2026-02-27 20:47:59,280 - INFO - sqlalchemy.engine.Engine - [cached since 36.21s ago] (2,)
2026-02-27 20:47:59,285 - INFO - sqlalchemy.engine.Engine - ROLLBACK
2026-02-27 20:47:59,305 - INFO - sqlalchemy.engine.Engine - BEGIN (implicit)
2026-02-27 20:47:59,306 - INFO - sqlalchemy.engine.Engine - SELECT users.id, users.telegram_id, users.username, users.first_name, users.last_name, users.language_code, users.is_active, users.created_at 
FROM users 
WHERE users.telegram_id = ?
2026-02-27 20:47:59,307 - INFO - sqlalchemy.engine.Engine - [cached since 36.26s ago] (7917277814,)
2026-02-27 20:47:59,317 - INFO - sqlalchemy.engine.Engine - SELECT count(vinyls.id) AS count_1 
FROM vinyls 
WHERE vinyls.user_id = ?
2026-02-27 20:47:59,318 - INFO - sqlalchemy.engine.Engine - [generated in 0.00222s] (7917277814,)
2026-02-27 20:47:59,324 - INFO - sqlalchemy.engine.Engine - SELECT count(vinyls.id) AS count_1 
FROM vinyls 
WHERE vinyls.user_id = ? AND vinyls.created_at >= ?
2026-02-27 20:47:59,325 - INFO - sqlalchemy.engine.Engine - [generated in 0.00135s] (7917277814, '2026-01-28 19:47:59.314306')
2026-02-27 20:47:59,329 - INFO - sqlalchemy.engine.Engine - ROLLBACK
2026-02-27 20:47:59,425 - INFO - aiogram.event - Update id=641781962 is handled. Duration 155 ms by bot id=8521577266
2026-02-27 20:48:00,472 - INFO - sqlalchemy.engine.Engine - BEGIN (implicit)
2026-02-27 20:48:00,473 - INFO - sqlalchemy.engine.Engine - SELECT users.id, users.telegram_id, users.username, users.first_name, users.last_name, users.language_code, users.is_active, users.created_at 
FROM users 
WHERE users.telegram_id = ?
2026-02-27 20:48:00,475 - INFO - sqlalchemy.engine.Engine - [cached since 37.43s ago] (7917277814,)
2026-02-27 20:48:00,478 - INFO - sqlalchemy.engine.Engine - COMMIT
2026-02-27 20:48:00,481 - INFO - sqlalchemy.engine.Engine - BEGIN (implicit)
2026-02-27 20:48:00,484 - INFO - sqlalchemy.engine.Engine - SELECT users.id, users.telegram_id, users.username, users.first_name, users.last_name, users.language_code, users.is_active, users.created_at 
FROM users 
WHERE users.id = ?
2026-02-27 20:48:00,485 - INFO - sqlalchemy.engine.Engine - [cached since 37.42s ago] (2,)
2026-02-27 20:48:00,490 - INFO - sqlalchemy.engine.Engine - ROLLBACK
2026-02-27 20:48:00,605 - INFO - aiogram.event - Update id=641781963 is handled. Duration 140 ms by bot id=8521577266
2026-02-27 20:48:02,053 - INFO - sqlalchemy.engine.Engine - BEGIN (implicit)
2026-02-27 20:48:02,054 - INFO - sqlalchemy.engine.Engine - SELECT users.id, users.telegram_id, users.username, users.first_name, users.last_name, users.language_code, users.is_active, users.created_at 
FROM users 
WHERE users.telegram_id = ?
2026-02-27 20:48:02,056 - INFO - sqlalchemy.engine.Engine - [cached since 39.01s ago] (7917277814,)
2026-02-27 20:48:02,061 - INFO - sqlalchemy.engine.Engine - COMMIT
2026-02-27 20:48:02,065 - INFO - sqlalchemy.engine.Engine - BEGIN (implicit)
2026-02-27 20:48:02,066 - INFO - sqlalchemy.engine.Engine - SELECT users.id, users.telegram_id, users.username, users.first_name, users.last_name, users.language_code, users.is_active, users.created_at 
FROM users 
WHERE users.id = ?
2026-02-27 20:48:02,068 - INFO - sqlalchemy.engine.Engine - [cached since 39s ago] (2,)
2026-02-27 20:48:02,074 - INFO - sqlalchemy.engine.Engine - ROLLBACK
2026-02-27 20:48:02,250 - INFO - aiogram.event - Update id=641781964 is handled. Duration 204 ms by bot id=8521577266
2026-02-27 20:48:02,842 - INFO - sqlalchemy.engine.Engine - BEGIN (implicit)
2026-02-27 20:48:02,843 - INFO - sqlalchemy.engine.Engine - SELECT users.id, users.telegram_id, users.username, users.first_name, users.last_name, users.language_code, users.is_active, users.created_at 
FROM users 
WHERE users.telegram_id = ?
2026-02-27 20:48:02,845 - INFO - sqlalchemy.engine.Engine - [cached since 39.8s ago] (7917277814,)
2026-02-27 20:48:02,851 - INFO - sqlalchemy.engine.Engine - COMMIT
2026-02-27 20:48:02,854 - INFO - sqlalchemy.engine.Engine - BEGIN (implicit)
2026-02-27 20:48:02,855 - INFO - sqlalchemy.engine.Engine - SELECT users.id, users.telegram_id, users.username, users.first_name, users.last_name, users.language_code, users.is_active, users.created_at 
FROM users 
WHERE users.id = ?
2026-02-27 20:48:02,856 - INFO - sqlalchemy.engine.Engine - [cached since 39.79s ago] (2,)
2026-02-27 20:48:02,859 - INFO - sqlalchemy.engine.Engine - ROLLBACK
2026-02-27 20:48:02,876 - INFO - sqlalchemy.engine.Engine - BEGIN (implicit)
2026-02-27 20:48:02,878 - INFO - sqlalchemy.engine.Engine - SELECT count(vinyls.id) AS count_1 
FROM vinyls 
WHERE vinyls.user_id = ?
2026-02-27 20:48:02,879 - INFO - sqlalchemy.engine.Engine - [cached since 3.563s ago] (7917277814,)
2026-02-27 20:48:02,897 - INFO - sqlalchemy.engine.Engine - SELECT count(distinct(artists.name)) AS count_1 
FROM artists JOIN vinyls ON vinyls.id = artists.vinyl_id 
WHERE vinyls.user_id = ?
2026-02-27 20:48:02,899 - INFO - sqlalchemy.engine.Engine - [generated in 0.00210s] (7917277814,)
2026-02-27 20:48:02,904 - INFO - sqlalchemy.engine.Engine - SELECT count(distinct(vinyls.country)) AS count_1 
FROM vinyls 
WHERE vinyls.user_id = ? AND vinyls.country IS NOT NULL
2026-02-27 20:48:02,906 - INFO - sqlalchemy.engine.Engine - [generated in 0.00133s] (7917277814,)
2026-02-27 20:48:02,912 - INFO - sqlalchemy.engine.Engine - SELECT min(vinyls.year) AS min_1, max(vinyls.year) AS max_1, avg(vinyls.year) AS avg_1 
FROM vinyls 
WHERE vinyls.user_id = ? AND vinyls.year IS NOT NULL AND vinyls.year > ?
2026-02-27 20:48:02,914 - INFO - sqlalchemy.engine.Engine - [generated in 0.00240s] (7917277814, 0)
2026-02-27 20:48:02,922 - INFO - sqlalchemy.engine.Engine - SELECT artists.name, count(vinyls.id) AS count_1 
FROM artists JOIN vinyls ON vinyls.id = artists.vinyl_id 
WHERE vinyls.user_id = ? GROUP BY artists.name ORDER BY count(vinyls.id) DESC
 LIMIT ? OFFSET ?
2026-02-27 20:48:02,924 - INFO - sqlalchemy.engine.Engine - [generated in 0.00176s] (7917277814, 5, 0)
2026-02-27 20:48:02,930 - INFO - sqlalchemy.engine.Engine - SELECT vinyls.country, count(vinyls.id) AS count_1 
FROM vinyls 
WHERE vinyls.user_id = ? AND vinyls.country IS NOT NULL GROUP BY vinyls.country ORDER BY count(vinyls.id) DESC
 LIMIT ? OFFSET ?
2026-02-27 20:48:02,933 - INFO - sqlalchemy.engine.Engine - [generated in 0.00263s] (7917277814, 5, 0)
2026-02-27 20:48:02,942 - INFO - sqlalchemy.engine.Engine - SELECT vinyls.id, vinyls.user_id, vinyls.discogs_id, vinyls.title, vinyls.year, vinyls.released, vinyls.country, vinyls.catno, vinyls.notes, vinyls.lowest_price, vinyls.num_for_sale, vinyls.rating_average, vinyls.rating_count, vinyls.have_count, vinyls.want_count, vinyls.genres, vinyls.styles, vinyls.cover_image, vinyls.created_at 
FROM vinyls 
WHERE vinyls.user_id = ? AND vinyls.rating_average IS NOT NULL ORDER BY vinyls.rating_average DESC
 LIMIT ? OFFSET ?
2026-02-27 20:48:02,944 - INFO - sqlalchemy.engine.Engine - [generated in 0.00252s] (7917277814, 5, 0)
2026-02-27 20:48:02,953 - INFO - sqlalchemy.engine.Engine - SELECT artists.vinyl_id AS artists_vinyl_id, artists.id AS artists_id, artists.name AS artists_name, artists.role AS artists_role, artists.position AS artists_position 
FROM artists 
WHERE artists.vinyl_id IN (?, ?)
2026-02-27 20:48:02,955 - INFO - sqlalchemy.engine.Engine - [generated in 0.00227s] (5, 8)
2026-02-27 20:48:02,965 - INFO - sqlalchemy.engine.Engine - SELECT vinyls.id, vinyls.user_id, vinyls.discogs_id, vinyls.title, vinyls.year, vinyls.released, vinyls.country, vinyls.catno, vinyls.notes, vinyls.lowest_price, vinyls.num_for_sale, vinyls.rating_average, vinyls.rating_count, vinyls.have_count, vinyls.want_count, vinyls.genres, vinyls.styles, vinyls.cover_image, vinyls.created_at 
FROM vinyls 
WHERE vinyls.user_id = ? AND vinyls.have_count IS NOT NULL AND vinyls.have_count > ? ORDER BY vinyls.have_count ASC
 LIMIT ? OFFSET ?
2026-02-27 20:48:02,968 - INFO - sqlalchemy.engine.Engine - [generated in 0.00263s] (7917277814, 0, 5, 0)
2026-02-27 20:48:02,975 - INFO - sqlalchemy.engine.Engine - SELECT artists.vinyl_id AS artists_vinyl_id, artists.id AS artists_id, artists.name AS artists_name, artists.role AS artists_role, artists.position AS artists_position 
FROM artists 
WHERE artists.vinyl_id IN (?, ?)
2026-02-27 20:48:02,976 - INFO - sqlalchemy.engine.Engine - [cached since 0.02405s ago] (5, 8)
2026-02-27 20:48:02,985 - INFO - sqlalchemy.engine.Engine - SELECT vinyls.id, vinyls.user_id, vinyls.discogs_id, vinyls.title, vinyls.year, vinyls.released, vinyls.country, vinyls.catno, vinyls.notes, vinyls.lowest_price, vinyls.num_for_sale, vinyls.rating_average, vinyls.rating_count, vinyls.have_count, vinyls.want_count, vinyls.genres, vinyls.styles, vinyls.cover_image, vinyls.created_at 
FROM vinyls 
WHERE vinyls.user_id = ? AND vinyls.lowest_price IS NOT NULL ORDER BY vinyls.lowest_price DESC
 LIMIT ? OFFSET ?
2026-02-27 20:48:02,987 - INFO - sqlalchemy.engine.Engine - [generated in 0.00264s] (7917277814, 5, 0)
2026-02-27 20:48:02,994 - INFO - sqlalchemy.engine.Engine - SELECT artists.vinyl_id AS artists_vinyl_id, artists.id AS artists_id, artists.name AS artists_name, artists.role AS artists_role, artists.position AS artists_position 
FROM artists 
WHERE artists.vinyl_id IN (?, ?)
2026-02-27 20:48:02,995 - INFO - sqlalchemy.engine.Engine - [cached since 0.04289s ago] (5, 8)
2026-02-27 20:48:03,004 - INFO - sqlalchemy.engine.Engine - SELECT vinyls.id, vinyls.user_id, vinyls.discogs_id, vinyls.title, vinyls.year, vinyls.released, vinyls.country, vinyls.catno, vinyls.notes, vinyls.lowest_price, vinyls.num_for_sale, vinyls.rating_average, vinyls.rating_count, vinyls.have_count, vinyls.want_count, vinyls.genres, vinyls.styles, vinyls.cover_image, vinyls.created_at 
FROM vinyls 
WHERE vinyls.user_id = ?
2026-02-27 20:48:03,005 - INFO - sqlalchemy.engine.Engine - [generated in 0.00173s] (7917277814,)
2026-02-27 20:48:03,011 - INFO - sqlalchemy.engine.Engine - SELECT artists.vinyl_id AS artists_vinyl_id, artists.id AS artists_id, artists.name AS artists_name, artists.role AS artists_role, artists.position AS artists_position 
FROM artists 
WHERE artists.vinyl_id IN (?, ?)
2026-02-27 20:48:03,014 - INFO - sqlalchemy.engine.Engine - [cached since 0.06127s ago] (5, 8)
2026-02-27 20:48:03,021 - INFO - sqlalchemy.engine.Engine - ROLLBACK
2026-02-27 20:48:03,101 - INFO - aiogram.event - Update id=641781965 is handled. Duration 250 ms by bot id=8521577266
2026-02-27 20:48:03,788 - INFO - sqlalchemy.engine.Engine - BEGIN (implicit)
2026-02-27 20:48:03,790 - INFO - sqlalchemy.engine.Engine - SELECT users.id, users.telegram_id, users.username, users.first_name, users.last_name, users.language_code, users.is_active, users.created_at 
FROM users 
WHERE users.telegram_id = ?
2026-02-27 20:48:03,791 - INFO - sqlalchemy.engine.Engine - [cached since 40.75s ago] (7917277814,)
2026-02-27 20:48:03,798 - INFO - sqlalchemy.engine.Engine - COMMIT
2026-02-27 20:48:03,801 - INFO - sqlalchemy.engine.Engine - BEGIN (implicit)
2026-02-27 20:48:03,803 - INFO - sqlalchemy.engine.Engine - SELECT users.id, users.telegram_id, users.username, users.first_name, users.last_name, users.language_code, users.is_active, users.created_at 
FROM users 
WHERE users.id = ?
2026-02-27 20:48:03,804 - INFO - sqlalchemy.engine.Engine - [cached since 40.74s ago] (2,)
2026-02-27 20:48:03,807 - INFO - sqlalchemy.engine.Engine - ROLLBACK
2026-02-27 20:48:03,991 - INFO - aiogram.event - Update id=641781966 is handled. Duration 203 ms by bot id=8521577266
2026-02-27 20:48:04,503 - INFO - sqlalchemy.engine.Engine - BEGIN (implicit)
2026-02-27 20:48:04,504 - INFO - sqlalchemy.engine.Engine - SELECT users.id, users.telegram_id, users.username, users.first_name, users.last_name, users.language_code, users.is_active, users.created_at 
FROM users 
WHERE users.telegram_id = ?
2026-02-27 20:48:04,506 - INFO - sqlalchemy.engine.Engine - [cached since 41.46s ago] (7917277814,)
2026-02-27 20:48:04,510 - INFO - sqlalchemy.engine.Engine - COMMIT
2026-02-27 20:48:04,515 - INFO - sqlalchemy.engine.Engine - BEGIN (implicit)
2026-02-27 20:48:04,516 - INFO - sqlalchemy.engine.Engine - SELECT users.id, users.telegram_id, users.username, users.first_name, users.last_name, users.language_code, users.is_active, users.created_at 
FROM users 
WHERE users.id = ?
2026-02-27 20:48:04,517 - INFO - sqlalchemy.engine.Engine - [cached since 41.45s ago] (2,)
2026-02-27 20:48:04,522 - INFO - sqlalchemy.engine.Engine - ROLLBACK
2026-02-27 20:48:04,536 - INFO - sqlalchemy.engine.Engine - BEGIN (implicit)
2026-02-27 20:48:04,538 - INFO - sqlalchemy.engine.Engine - SELECT count(vinyls.id) AS count_1 
FROM vinyls 
WHERE vinyls.user_id = ?
2026-02-27 20:48:04,539 - INFO - sqlalchemy.engine.Engine - [cached since 5.223s ago] (7917277814,)
2026-02-27 20:48:04,556 - INFO - sqlalchemy.engine.Engine - SELECT count(distinct(artists.name)) AS count_1 
FROM artists JOIN vinyls ON vinyls.id = artists.vinyl_id 
WHERE vinyls.user_id = ?
2026-02-27 20:48:04,570 - INFO - sqlalchemy.engine.Engine - [cached since 1.673s ago] (7917277814,)
2026-02-27 20:48:04,577 - INFO - sqlalchemy.engine.Engine - SELECT count(distinct(vinyls.country)) AS count_1 
FROM vinyls 
WHERE vinyls.user_id = ? AND vinyls.country IS NOT NULL
2026-02-27 20:48:04,581 - INFO - sqlalchemy.engine.Engine - [cached since 1.676s ago] (7917277814,)
2026-02-27 20:48:04,590 - INFO - sqlalchemy.engine.Engine - SELECT min(vinyls.year) AS min_1, max(vinyls.year) AS max_1, avg(vinyls.year) AS avg_1 
FROM vinyls 
WHERE vinyls.user_id = ? AND vinyls.year IS NOT NULL AND vinyls.year > ?
2026-02-27 20:48:04,592 - INFO - sqlalchemy.engine.Engine - [cached since 1.68s ago] (7917277814, 0)
2026-02-27 20:48:04,598 - INFO - sqlalchemy.engine.Engine - SELECT artists.name, count(vinyls.id) AS count_1 
FROM artists JOIN vinyls ON vinyls.id = artists.vinyl_id 
WHERE vinyls.user_id = ? GROUP BY artists.name ORDER BY count(vinyls.id) DESC
 LIMIT ? OFFSET ?
2026-02-27 20:48:04,600 - INFO - sqlalchemy.engine.Engine - [cached since 1.677s ago] (7917277814, 5, 0)
2026-02-27 20:48:04,603 - INFO - sqlalchemy.engine.Engine - SELECT vinyls.country, count(vinyls.id) AS count_1 
FROM vinyls 
WHERE vinyls.user_id = ? AND vinyls.country IS NOT NULL GROUP BY vinyls.country ORDER BY count(vinyls.id) DESC
 LIMIT ? OFFSET ?
2026-02-27 20:48:04,605 - INFO - sqlalchemy.engine.Engine - [cached since 1.675s ago] (7917277814, 5, 0)
2026-02-27 20:48:04,610 - INFO - sqlalchemy.engine.Engine - SELECT vinyls.id, vinyls.user_id, vinyls.discogs_id, vinyls.title, vinyls.year, vinyls.released, vinyls.country, vinyls.catno, vinyls.notes, vinyls.lowest_price, vinyls.num_for_sale, vinyls.rating_average, vinyls.rating_count, vinyls.have_count, vinyls.want_count, vinyls.genres, vinyls.styles, vinyls.cover_image, vinyls.created_at 
FROM vinyls 
WHERE vinyls.user_id = ? AND vinyls.rating_average IS NOT NULL ORDER BY vinyls.rating_average DESC
 LIMIT ? OFFSET ?
2026-02-27 20:48:04,612 - INFO - sqlalchemy.engine.Engine - [cached since 1.67s ago] (7917277814, 5, 0)
2026-02-27 20:48:04,620 - INFO - sqlalchemy.engine.Engine - SELECT artists.vinyl_id AS artists_vinyl_id, artists.id AS artists_id, artists.name AS artists_name, artists.role AS artists_role, artists.position AS artists_position 
FROM artists 
WHERE artists.vinyl_id IN (?, ?)
2026-02-27 20:48:04,622 - INFO - sqlalchemy.engine.Engine - [cached since 1.669s ago] (5, 8)
2026-02-27 20:48:04,629 - INFO - sqlalchemy.engine.Engine - SELECT vinyls.id, vinyls.user_id, vinyls.discogs_id, vinyls.title, vinyls.year, vinyls.released, vinyls.country, vinyls.catno, vinyls.notes, vinyls.lowest_price, vinyls.num_for_sale, vinyls.rating_average, vinyls.rating_count, vinyls.have_count, vinyls.want_count, vinyls.genres, vinyls.styles, vinyls.cover_image, vinyls.created_at 
FROM vinyls 
WHERE vinyls.user_id = ? AND vinyls.have_count IS NOT NULL AND vinyls.have_count > ? ORDER BY vinyls.have_count ASC
 LIMIT ? OFFSET ?
2026-02-27 20:48:04,632 - INFO - sqlalchemy.engine.Engine - [cached since 1.667s ago] (7917277814, 0, 5, 0)
2026-02-27 20:48:04,637 - INFO - sqlalchemy.engine.Engine - SELECT artists.vinyl_id AS artists_vinyl_id, artists.id AS artists_id, artists.name AS artists_name, artists.role AS artists_role, artists.position AS artists_position 
FROM artists 
WHERE artists.vinyl_id IN (?, ?)
2026-02-27 20:48:04,639 - INFO - sqlalchemy.engine.Engine - [cached since 1.686s ago] (5, 8)
2026-02-27 20:48:04,644 - INFO - sqlalchemy.engine.Engine - SELECT vinyls.id, vinyls.user_id, vinyls.discogs_id, vinyls.title, vinyls.year, vinyls.released, vinyls.country, vinyls.catno, vinyls.notes, vinyls.lowest_price, vinyls.num_for_sale, vinyls.rating_average, vinyls.rating_count, vinyls.have_count, vinyls.want_count, vinyls.genres, vinyls.styles, vinyls.cover_image, vinyls.created_at 
FROM vinyls 
WHERE vinyls.user_id = ? AND vinyls.lowest_price IS NOT NULL ORDER BY vinyls.lowest_price DESC
 LIMIT ? OFFSET ?
2026-02-27 20:48:04,647 - INFO - sqlalchemy.engine.Engine - [cached since 1.662s ago] (7917277814, 5, 0)
2026-02-27 20:48:04,654 - INFO - sqlalchemy.engine.Engine - SELECT artists.vinyl_id AS artists_vinyl_id, artists.id AS artists_id, artists.name AS artists_name, artists.role AS artists_role, artists.position AS artists_position 
FROM artists 
WHERE artists.vinyl_id IN (?, ?)
2026-02-27 20:48:04,656 - INFO - sqlalchemy.engine.Engine - [cached since 1.703s ago] (5, 8)
2026-02-27 20:48:04,661 - INFO - sqlalchemy.engine.Engine - SELECT vinyls.id, vinyls.user_id, vinyls.discogs_id, vinyls.title, vinyls.year, vinyls.released, vinyls.country, vinyls.catno, vinyls.notes, vinyls.lowest_price, vinyls.num_for_sale, vinyls.rating_average, vinyls.rating_count, vinyls.have_count, vinyls.want_count, vinyls.genres, vinyls.styles, vinyls.cover_image, vinyls.created_at 
FROM vinyls 
WHERE vinyls.user_id = ?
2026-02-27 20:48:04,664 - INFO - sqlalchemy.engine.Engine - [cached since 1.66s ago] (7917277814,)
2026-02-27 20:48:04,669 - INFO - sqlalchemy.engine.Engine - SELECT artists.vinyl_id AS artists_vinyl_id, artists.id AS artists_id, artists.name AS artists_name, artists.role AS artists_role, artists.position AS artists_position 
FROM artists 
WHERE artists.vinyl_id IN (?, ?)
2026-02-27 20:48:04,671 - INFO - sqlalchemy.engine.Engine - [cached since 1.718s ago] (5, 8)
2026-02-27 20:48:04,676 - INFO - sqlalchemy.engine.Engine - ROLLBACK
2026-02-27 20:48:04,752 - INFO - aiogram.event - Update id=641781967 is handled. Duration 250 ms by bot id=8521577266
2026-02-27 20:48:08,372 - INFO - sqlalchemy.engine.Engine - BEGIN (implicit)
2026-02-27 20:48:08,375 - INFO - sqlalchemy.engine.Engine - SELECT count(users.id) AS count_1 
FROM users
2026-02-27 20:48:08,376 - INFO - sqlalchemy.engine.Engine - [cached since 133.9s ago] ()
2026-02-27 20:48:08,382 - INFO - sqlalchemy.engine.Engine - SELECT count(vinyls.id) AS count_1 
FROM vinyls
2026-02-27 20:48:08,383 - INFO - sqlalchemy.engine.Engine - [cached since 133.9s ago] ()
2026-02-27 20:48:08,389 - INFO - sqlalchemy.engine.Engine - SELECT users.id, users.telegram_id, users.username, users.first_name, users.last_name, users.language_code, users.is_active, users.created_at 
FROM users ORDER BY users.created_at DESC
 LIMIT ? OFFSET ?
2026-02-27 20:48:08,390 - INFO - sqlalchemy.engine.Engine - [cached since 133.9s ago] (5, 0)
2026-02-27 20:48:08,396 - INFO - sqlalchemy.engine.Engine - ROLLBACK
2026-02-27 20:48:08,399 - INFO - sqlalchemy.engine.Engine - BEGIN (implicit)
2026-02-27 20:48:08,402 - INFO - sqlalchemy.engine.Engine - SELECT date(users.created_at) AS date_1, count(users.id) AS count_1 
FROM users 
WHERE users.created_at >= ? GROUP BY date(users.created_at)
2026-02-27 20:48:08,404 - INFO - sqlalchemy.engine.Engine - [cached since 133.9s ago] ('2026-02-20 20:48:08.398507',)
2026-02-27 20:48:08,409 - INFO - sqlalchemy.engine.Engine - SELECT date(vinyls.created_at) AS date_1, count(vinyls.id) AS count_1 
FROM vinyls 
WHERE vinyls.created_at >= ? GROUP BY date(vinyls.created_at)
2026-02-27 20:48:08,412 - INFO - sqlalchemy.engine.Engine - [cached since 133.9s ago] ('2026-02-20 20:48:08.398507',)
2026-02-27 20:48:08,416 - INFO - sqlalchemy.engine.Engine - ROLLBACK
2026-02-27 20:48:25,680 - INFO - sqlalchemy.engine.Engine - BEGIN (implicit)
2026-02-27 20:48:25,682 - INFO - sqlalchemy.engine.Engine - SELECT users.id, users.telegram_id, users.username, users.first_name, users.last_name, users.language_code, users.is_active, users.created_at 
FROM users 
WHERE users.telegram_id = ?
2026-02-27 20:48:25,683 - INFO - sqlalchemy.engine.Engine - [cached since 62.64s ago] (7917277814,)
2026-02-27 20:48:25,688 - INFO - sqlalchemy.engine.Engine - COMMIT
2026-02-27 20:48:25,692 - INFO - sqlalchemy.engine.Engine - BEGIN (implicit)
2026-02-27 20:48:25,695 - INFO - sqlalchemy.engine.Engine - SELECT users.id, users.telegram_id, users.username, users.first_name, users.last_name, users.language_code, users.is_active, users.created_at 
FROM users 
WHERE users.id = ?
2026-02-27 20:48:25,697 - INFO - sqlalchemy.engine.Engine - [cached since 62.63s ago] (2,)
2026-02-27 20:48:25,702 - INFO - sqlalchemy.engine.Engine - ROLLBACK
2026-02-27 20:48:25,924 - INFO - aiogram.event - Update id=641781968 is handled. Duration 250 ms by bot id=8521577266
2026-02-27 20:48:27,225 - INFO - sqlalchemy.engine.Engine - BEGIN (implicit)
2026-02-27 20:48:27,226 - INFO - sqlalchemy.engine.Engine - SELECT users.id, users.telegram_id, users.username, users.first_name, users.last_name, users.language_code, users.is_active, users.created_at 
FROM users 
WHERE users.telegram_id = ?
2026-02-27 20:48:27,228 - INFO - sqlalchemy.engine.Engine - [cached since 64.19s ago] (7917277814,)
2026-02-27 20:48:27,233 - INFO - sqlalchemy.engine.Engine - COMMIT
2026-02-27 20:48:27,236 - INFO - sqlalchemy.engine.Engine - BEGIN (implicit)
2026-02-27 20:48:27,237 - INFO - sqlalchemy.engine.Engine - SELECT users.id, users.telegram_id, users.username, users.first_name, users.last_name, users.language_code, users.is_active, users.created_at 
FROM users 
WHERE users.id = ?
2026-02-27 20:48:27,239 - INFO - sqlalchemy.engine.Engine - [cached since 64.17s ago] (2,)
2026-02-27 20:48:27,243 - INFO - sqlalchemy.engine.Engine - ROLLBACK
2026-02-27 20:48:27,262 - INFO - sqlalchemy.engine.Engine - BEGIN (implicit)
2026-02-27 20:48:27,264 - INFO - sqlalchemy.engine.Engine - SELECT count(vinyls.id) AS count_1 
FROM vinyls 
WHERE vinyls.user_id = ?
2026-02-27 20:48:27,265 - INFO - sqlalchemy.engine.Engine - [cached since 27.95s ago] (7917277814,)
2026-02-27 20:48:27,270 - INFO - sqlalchemy.engine.Engine - SELECT count(distinct(artists.name)) AS count_1 
FROM artists JOIN vinyls ON vinyls.id = artists.vinyl_id 
WHERE vinyls.user_id = ?
2026-02-27 20:48:27,271 - INFO - sqlalchemy.engine.Engine - [cached since 24.37s ago] (7917277814,)
2026-02-27 20:48:27,275 - INFO - sqlalchemy.engine.Engine - SELECT count(distinct(vinyls.country)) AS count_1 
FROM vinyls 
WHERE vinyls.user_id = ? AND vinyls.country IS NOT NULL
2026-02-27 20:48:27,277 - INFO - sqlalchemy.engine.Engine - [cached since 24.37s ago] (7917277814,)
2026-02-27 20:48:27,283 - INFO - sqlalchemy.engine.Engine - SELECT min(vinyls.year) AS min_1, max(vinyls.year) AS max_1, avg(vinyls.year) AS avg_1 
FROM vinyls 
WHERE vinyls.user_id = ? AND vinyls.year IS NOT NULL AND vinyls.year > ?
2026-02-27 20:48:27,284 - INFO - sqlalchemy.engine.Engine - [cached since 24.37s ago] (7917277814, 0)
2026-02-27 20:48:27,288 - INFO - sqlalchemy.engine.Engine - SELECT artists.name, count(vinyls.id) AS count_1 
FROM artists JOIN vinyls ON vinyls.id = artists.vinyl_id 
WHERE vinyls.user_id = ? GROUP BY artists.name ORDER BY count(vinyls.id) DESC
 LIMIT ? OFFSET ?
2026-02-27 20:48:27,290 - INFO - sqlalchemy.engine.Engine - [cached since 24.37s ago] (7917277814, 5, 0)
2026-02-27 20:48:27,296 - INFO - sqlalchemy.engine.Engine - SELECT vinyls.country, count(vinyls.id) AS count_1 
FROM vinyls 
WHERE vinyls.user_id = ? AND vinyls.country IS NOT NULL GROUP BY vinyls.country ORDER BY count(vinyls.id) DESC
 LIMIT ? OFFSET ?
2026-02-27 20:48:27,298 - INFO - sqlalchemy.engine.Engine - [cached since 24.37s ago] (7917277814, 5, 0)
2026-02-27 20:48:27,303 - INFO - sqlalchemy.engine.Engine - SELECT vinyls.id, vinyls.user_id, vinyls.discogs_id, vinyls.title, vinyls.year, vinyls.released, vinyls.country, vinyls.catno, vinyls.notes, vinyls.lowest_price, vinyls.num_for_sale, vinyls.rating_average, vinyls.rating_count, vinyls.have_count, vinyls.want_count, vinyls.genres, vinyls.styles, vinyls.cover_image, vinyls.created_at 
FROM vinyls 
WHERE vinyls.user_id = ? AND vinyls.rating_average IS NOT NULL ORDER BY vinyls.rating_average DESC
 LIMIT ? OFFSET ?
2026-02-27 20:48:27,306 - INFO - sqlalchemy.engine.Engine - [cached since 24.36s ago] (7917277814, 5, 0)
2026-02-27 20:48:27,312 - INFO - sqlalchemy.engine.Engine - SELECT artists.vinyl_id AS artists_vinyl_id, artists.id AS artists_id, artists.name AS artists_name, artists.role AS artists_role, artists.position AS artists_position 
FROM artists 
WHERE artists.vinyl_id IN (?, ?)
2026-02-27 20:48:27,314 - INFO - sqlalchemy.engine.Engine - [cached since 24.36s ago] (5, 8)
2026-02-27 20:48:27,319 - INFO - sqlalchemy.engine.Engine - SELECT vinyls.id, vinyls.user_id, vinyls.discogs_id, vinyls.title, vinyls.year, vinyls.released, vinyls.country, vinyls.catno, vinyls.notes, vinyls.lowest_price, vinyls.num_for_sale, vinyls.rating_average, vinyls.rating_count, vinyls.have_count, vinyls.want_count, vinyls.genres, vinyls.styles, vinyls.cover_image, vinyls.created_at 
FROM vinyls 
WHERE vinyls.user_id = ? AND vinyls.have_count IS NOT NULL AND vinyls.have_count > ? ORDER BY vinyls.have_count ASC
 LIMIT ? OFFSET ?
2026-02-27 20:48:27,321 - INFO - sqlalchemy.engine.Engine - [cached since 24.36s ago] (7917277814, 0, 5, 0)
2026-02-27 20:48:27,326 - INFO - sqlalchemy.engine.Engine - SELECT artists.vinyl_id AS artists_vinyl_id, artists.id AS artists_id, artists.name AS artists_name, artists.role AS artists_role, artists.position AS artists_position 
FROM artists 
WHERE artists.vinyl_id IN (?, ?)
2026-02-27 20:48:27,328 - INFO - sqlalchemy.engine.Engine - [cached since 24.38s ago] (5, 8)
2026-02-27 20:48:27,335 - INFO - sqlalchemy.engine.Engine - SELECT vinyls.id, vinyls.user_id, vinyls.discogs_id, vinyls.title, vinyls.year, vinyls.released, vinyls.country, vinyls.catno, vinyls.notes, vinyls.lowest_price, vinyls.num_for_sale, vinyls.rating_average, vinyls.rating_count, vinyls.have_count, vinyls.want_count, vinyls.genres, vinyls.styles, vinyls.cover_image, vinyls.created_at 
FROM vinyls 
WHERE vinyls.user_id = ? AND vinyls.lowest_price IS NOT NULL ORDER BY vinyls.lowest_price DESC
 LIMIT ? OFFSET ?
2026-02-27 20:48:27,337 - INFO - sqlalchemy.engine.Engine - [cached since 24.35s ago] (7917277814, 5, 0)
2026-02-27 20:48:27,344 - INFO - sqlalchemy.engine.Engine - SELECT artists.vinyl_id AS artists_vinyl_id, artists.id AS artists_id, artists.name AS artists_name, artists.role AS artists_role, artists.position AS artists_position 
FROM artists 
WHERE artists.vinyl_id IN (?, ?)
2026-02-27 20:48:27,347 - INFO - sqlalchemy.engine.Engine - [cached since 24.39s ago] (5, 8)
2026-02-27 20:48:27,352 - INFO - sqlalchemy.engine.Engine - SELECT vinyls.id, vinyls.user_id, vinyls.discogs_id, vinyls.title, vinyls.year, vinyls.released, vinyls.country, vinyls.catno, vinyls.notes, vinyls.lowest_price, vinyls.num_for_sale, vinyls.rating_average, vinyls.rating_count, vinyls.have_count, vinyls.want_count, vinyls.genres, vinyls.styles, vinyls.cover_image, vinyls.created_at 
FROM vinyls 
WHERE vinyls.user_id = ?
2026-02-27 20:48:27,354 - INFO - sqlalchemy.engine.Engine - [cached since 24.35s ago] (7917277814,)
2026-02-27 20:48:27,361 - INFO - sqlalchemy.engine.Engine - SELECT artists.vinyl_id AS artists_vinyl_id, artists.id AS artists_id, artists.name AS artists_name, artists.role AS artists_role, artists.position AS artists_position 
FROM artists 
WHERE artists.vinyl_id IN (?, ?)
2026-02-27 20:48:27,363 - INFO - sqlalchemy.engine.Engine - [cached since 24.41s ago] (5, 8)
2026-02-27 20:48:27,368 - INFO - sqlalchemy.engine.Engine - ROLLBACK
2026-02-27 20:48:27,453 - INFO - aiogram.event - Update id=641781969 is handled. Duration 235 ms by bot id=8521577266
2026-02-27 20:48:28,262 - INFO - sqlalchemy.engine.Engine - BEGIN (implicit)
2026-02-27 20:48:28,263 - INFO - sqlalchemy.engine.Engine - SELECT users.id, users.telegram_id, users.username, users.first_name, users.last_name, users.language_code, users.is_active, users.created_at 
FROM users 
WHERE users.telegram_id = ?
2026-02-27 20:48:28,264 - INFO - sqlalchemy.engine.Engine - [cached since 65.22s ago] (7917277814,)
2026-02-27 20:48:28,269 - INFO - sqlalchemy.engine.Engine - COMMIT
2026-02-27 20:48:28,271 - INFO - sqlalchemy.engine.Engine - BEGIN (implicit)
2026-02-27 20:48:28,272 - INFO - sqlalchemy.engine.Engine - SELECT users.id, users.telegram_id, users.username, users.first_name, users.last_name, users.language_code, users.is_active, users.created_at 
FROM users 
WHERE users.id = ?
2026-02-27 20:48:28,275 - INFO - sqlalchemy.engine.Engine - [cached since 65.21s ago] (2,)
2026-02-27 20:48:28,279 - INFO - sqlalchemy.engine.Engine - ROLLBACK
2026-02-27 20:48:28,416 - INFO - aiogram.event - Update id=641781970 is handled. Duration 140 ms by bot id=8521577266
2026-02-27 20:48:28,791 - INFO - sqlalchemy.engine.Engine - BEGIN (implicit)
2026-02-27 20:48:28,793 - INFO - sqlalchemy.engine.Engine - SELECT users.id, users.telegram_id, users.username, users.first_name, users.last_name, users.language_code, users.is_active, users.created_at 
FROM users 
WHERE users.telegram_id = ?
2026-02-27 20:48:28,795 - INFO - sqlalchemy.engine.Engine - [cached since 65.75s ago] (7917277814,)
2026-02-27 20:48:28,802 - INFO - sqlalchemy.engine.Engine - COMMIT
2026-02-27 20:48:28,806 - INFO - sqlalchemy.engine.Engine - BEGIN (implicit)
2026-02-27 20:48:28,808 - INFO - sqlalchemy.engine.Engine - SELECT users.id, users.telegram_id, users.username, users.first_name, users.last_name, users.language_code, users.is_active, users.created_at 
FROM users 
WHERE users.id = ?
2026-02-27 20:48:28,811 - INFO - sqlalchemy.engine.Engine - [cached since 65.74s ago] (2,)
2026-02-27 20:48:28,814 - INFO - sqlalchemy.engine.Engine - ROLLBACK
2026-02-27 20:48:28,829 - INFO - sqlalchemy.engine.Engine - BEGIN (implicit)
2026-02-27 20:48:28,832 - INFO - sqlalchemy.engine.Engine - SELECT users.id, users.telegram_id, users.username, users.first_name, users.last_name, users.language_code, users.is_active, users.created_at 
FROM users 
WHERE users.telegram_id = ?
2026-02-27 20:48:28,833 - INFO - sqlalchemy.engine.Engine - [cached since 65.79s ago] (7917277814,)
2026-02-27 20:48:28,837 - INFO - sqlalchemy.engine.Engine - SELECT count(vinyls.id) AS count_1 
FROM vinyls 
WHERE vinyls.user_id = ?
2026-02-27 20:48:28,839 - INFO - sqlalchemy.engine.Engine - [cached since 29.52s ago] (7917277814,)
2026-02-27 20:48:28,845 - INFO - sqlalchemy.engine.Engine - SELECT count(vinyls.id) AS count_1 
FROM vinyls 
WHERE vinyls.user_id = ? AND vinyls.created_at >= ?
2026-02-27 20:48:28,847 - INFO - sqlalchemy.engine.Engine - [cached since 29.52s ago] (7917277814, '2026-01-28 19:48:28.836646')
2026-02-27 20:48:28,851 - INFO - sqlalchemy.engine.Engine - ROLLBACK
2026-02-27 20:48:28,945 - INFO - aiogram.event - Update id=641781971 is handled. Duration 156 ms by bot id=8521577266
2026-02-27 20:48:30,182 - INFO - sqlalchemy.engine.Engine - BEGIN (implicit)
2026-02-27 20:48:30,183 - INFO - sqlalchemy.engine.Engine - SELECT users.id, users.telegram_id, users.username, users.first_name, users.last_name, users.language_code, users.is_active, users.created_at 
FROM users 
WHERE users.telegram_id = ?
2026-02-27 20:48:30,185 - INFO - sqlalchemy.engine.Engine - [cached since 67.14s ago] (7917277814,)
2026-02-27 20:48:30,189 - INFO - sqlalchemy.engine.Engine - COMMIT
2026-02-27 20:48:30,193 - INFO - sqlalchemy.engine.Engine - BEGIN (implicit)
2026-02-27 20:48:30,194 - INFO - sqlalchemy.engine.Engine - SELECT users.id, users.telegram_id, users.username, users.first_name, users.last_name, users.language_code, users.is_active, users.created_at 
FROM users 
WHERE users.id = ?
2026-02-27 20:48:30,196 - INFO - sqlalchemy.engine.Engine - [cached since 67.13s ago] (2,)
2026-02-27 20:48:30,200 - INFO - sqlalchemy.engine.Engine - ROLLBACK
2026-02-27 20:48:30,330 - INFO - aiogram.event - Update id=641781972 is handled. Duration 157 ms by bot id=8521577266
2026-02-27 20:48:31,760 - INFO - sqlalchemy.engine.Engine - BEGIN (implicit)
2026-02-27 20:48:31,761 - INFO - sqlalchemy.engine.Engine - SELECT users.id, users.telegram_id, users.username, users.first_name, users.last_name, users.language_code, users.is_active, users.created_at 
FROM users 
WHERE users.telegram_id = ?
2026-02-27 20:48:31,763 - INFO - sqlalchemy.engine.Engine - [cached since 68.72s ago] (7917277814,)
2026-02-27 20:48:31,768 - INFO - sqlalchemy.engine.Engine - COMMIT
2026-02-27 20:48:31,771 - INFO - sqlalchemy.engine.Engine - BEGIN (implicit)
2026-02-27 20:48:31,774 - INFO - sqlalchemy.engine.Engine - SELECT users.id, users.telegram_id, users.username, users.first_name, users.last_name, users.language_code, users.is_active, users.created_at 
FROM users 
WHERE users.id = ?
2026-02-27 20:48:31,776 - INFO - sqlalchemy.engine.Engine - [cached since 68.71s ago] (2,)
2026-02-27 20:48:31,781 - INFO - sqlalchemy.engine.Engine - ROLLBACK
2026-02-27 20:48:31,796 - INFO - sqlalchemy.engine.Engine - BEGIN (implicit)
2026-02-27 20:48:31,798 - INFO - sqlalchemy.engine.Engine - SELECT count(vinyls.id) AS count_1 
FROM vinyls 
WHERE vinyls.user_id = ?
2026-02-27 20:48:31,799 - INFO - sqlalchemy.engine.Engine - [cached since 32.48s ago] (7917277814,)
2026-02-27 20:48:31,803 - INFO - sqlalchemy.engine.Engine - SELECT count(distinct(artists.name)) AS count_1 
FROM artists JOIN vinyls ON vinyls.id = artists.vinyl_id 
WHERE vinyls.user_id = ?
2026-02-27 20:48:31,805 - INFO - sqlalchemy.engine.Engine - [cached since 28.91s ago] (7917277814,)
2026-02-27 20:48:31,811 - INFO - sqlalchemy.engine.Engine - SELECT count(distinct(vinyls.country)) AS count_1 
FROM vinyls 
WHERE vinyls.user_id = ? AND vinyls.country IS NOT NULL
2026-02-27 20:48:31,813 - INFO - sqlalchemy.engine.Engine - [cached since 28.91s ago] (7917277814,)
2026-02-27 20:48:31,817 - INFO - sqlalchemy.engine.Engine - SELECT min(vinyls.year) AS min_1, max(vinyls.year) AS max_1, avg(vinyls.year) AS avg_1 
FROM vinyls 
WHERE vinyls.user_id = ? AND vinyls.year IS NOT NULL AND vinyls.year > ?
2026-02-27 20:48:31,819 - INFO - sqlalchemy.engine.Engine - [cached since 28.91s ago] (7917277814, 0)
2026-02-27 20:48:31,826 - INFO - sqlalchemy.engine.Engine - SELECT artists.name, count(vinyls.id) AS count_1 
FROM artists JOIN vinyls ON vinyls.id = artists.vinyl_id 
WHERE vinyls.user_id = ? GROUP BY artists.name ORDER BY count(vinyls.id) DESC
 LIMIT ? OFFSET ?
2026-02-27 20:48:31,828 - INFO - sqlalchemy.engine.Engine - [cached since 28.91s ago] (7917277814, 5, 0)
2026-02-27 20:48:31,833 - INFO - sqlalchemy.engine.Engine - SELECT vinyls.country, count(vinyls.id) AS count_1 
FROM vinyls 
WHERE vinyls.user_id = ? AND vinyls.country IS NOT NULL GROUP BY vinyls.country ORDER BY count(vinyls.id) DESC
 LIMIT ? OFFSET ?
2026-02-27 20:48:31,834 - INFO - sqlalchemy.engine.Engine - [cached since 28.9s ago] (7917277814, 5, 0)
2026-02-27 20:48:31,840 - INFO - sqlalchemy.engine.Engine - SELECT vinyls.id, vinyls.user_id, vinyls.discogs_id, vinyls.title, vinyls.year, vinyls.released, vinyls.country, vinyls.catno, vinyls.notes, vinyls.lowest_price, vinyls.num_for_sale, vinyls.rating_average, vinyls.rating_count, vinyls.have_count, vinyls.want_count, vinyls.genres, vinyls.styles, vinyls.cover_image, vinyls.created_at 
FROM vinyls 
WHERE vinyls.user_id = ? AND vinyls.rating_average IS NOT NULL ORDER BY vinyls.rating_average DESC
 LIMIT ? OFFSET ?
2026-02-27 20:48:31,843 - INFO - sqlalchemy.engine.Engine - [cached since 28.9s ago] (7917277814, 5, 0)
2026-02-27 20:48:31,848 - INFO - sqlalchemy.engine.Engine - SELECT artists.vinyl_id AS artists_vinyl_id, artists.id AS artists_id, artists.name AS artists_name, artists.role AS artists_role, artists.position AS artists_position 
FROM artists 
WHERE artists.vinyl_id IN (?, ?)
2026-02-27 20:48:31,850 - INFO - sqlalchemy.engine.Engine - [cached since 28.9s ago] (5, 8)
2026-02-27 20:48:31,856 - INFO - sqlalchemy.engine.Engine - SELECT vinyls.id, vinyls.user_id, vinyls.discogs_id, vinyls.title, vinyls.year, vinyls.released, vinyls.country, vinyls.catno, vinyls.notes, vinyls.lowest_price, vinyls.num_for_sale, vinyls.rating_average, vinyls.rating_count, vinyls.have_count, vinyls.want_count, vinyls.genres, vinyls.styles, vinyls.cover_image, vinyls.created_at 
FROM vinyls 
WHERE vinyls.user_id = ? AND vinyls.have_count IS NOT NULL AND vinyls.have_count > ? ORDER BY vinyls.have_count ASC
 LIMIT ? OFFSET ?
2026-02-27 20:48:31,860 - INFO - sqlalchemy.engine.Engine - [cached since 28.89s ago] (7917277814, 0, 5, 0)
2026-02-27 20:48:31,866 - INFO - sqlalchemy.engine.Engine - SELECT artists.vinyl_id AS artists_vinyl_id, artists.id AS artists_id, artists.name AS artists_name, artists.role AS artists_role, artists.position AS artists_position 
FROM artists 
WHERE artists.vinyl_id IN (?, ?)
2026-02-27 20:48:31,868 - INFO - sqlalchemy.engine.Engine - [cached since 28.91s ago] (5, 8)
2026-02-27 20:48:31,873 - INFO - sqlalchemy.engine.Engine - SELECT vinyls.id, vinyls.user_id, vinyls.discogs_id, vinyls.title, vinyls.year, vinyls.released, vinyls.country, vinyls.catno, vinyls.notes, vinyls.lowest_price, vinyls.num_for_sale, vinyls.rating_average, vinyls.rating_count, vinyls.have_count, vinyls.want_count, vinyls.genres, vinyls.styles, vinyls.cover_image, vinyls.created_at 
FROM vinyls 
WHERE vinyls.user_id = ? AND vinyls.lowest_price IS NOT NULL ORDER BY vinyls.lowest_price DESC
 LIMIT ? OFFSET ?
2026-02-27 20:48:31,876 - INFO - sqlalchemy.engine.Engine - [cached since 28.89s ago] (7917277814, 5, 0)
2026-02-27 20:48:31,881 - INFO - sqlalchemy.engine.Engine - SELECT artists.vinyl_id AS artists_vinyl_id, artists.id AS artists_id, artists.name AS artists_name, artists.role AS artists_role, artists.position AS artists_position 
FROM artists 
WHERE artists.vinyl_id IN (?, ?)
2026-02-27 20:48:31,882 - INFO - sqlalchemy.engine.Engine - [cached since 28.93s ago] (5, 8)
2026-02-27 20:48:31,886 - INFO - sqlalchemy.engine.Engine - SELECT vinyls.id, vinyls.user_id, vinyls.discogs_id, vinyls.title, vinyls.year, vinyls.released, vinyls.country, vinyls.catno, vinyls.notes, vinyls.lowest_price, vinyls.num_for_sale, vinyls.rating_average, vinyls.rating_count, vinyls.have_count, vinyls.want_count, vinyls.genres, vinyls.styles, vinyls.cover_image, vinyls.created_at 
FROM vinyls 
WHERE vinyls.user_id = ?
2026-02-27 20:48:31,888 - INFO - sqlalchemy.engine.Engine - [cached since 28.88s ago] (7917277814,)
2026-02-27 20:48:31,896 - INFO - sqlalchemy.engine.Engine - SELECT artists.vinyl_id AS artists_vinyl_id, artists.id AS artists_id, artists.name AS artists_name, artists.role AS artists_role, artists.position AS artists_position 
FROM artists 
WHERE artists.vinyl_id IN (?, ?)
2026-02-27 20:48:31,898 - INFO - sqlalchemy.engine.Engine - [cached since 28.95s ago] (5, 8)
2026-02-27 20:48:31,902 - INFO - sqlalchemy.engine.Engine - ROLLBACK
2026-02-27 20:48:31,992 - INFO - aiogram.event - Update id=641781973 is handled. Duration 219 ms by bot id=8521577266
2026-02-27 20:48:33,769 - INFO - sqlalchemy.engine.Engine - BEGIN (implicit)
2026-02-27 20:48:33,772 - INFO - sqlalchemy.engine.Engine - SELECT count(users.id) AS count_1 
FROM users
2026-02-27 20:48:33,773 - INFO - sqlalchemy.engine.Engine - [cached since 159.3s ago] ()
2026-02-27 20:48:33,778 - INFO - sqlalchemy.engine.Engine - SELECT count(vinyls.id) AS count_1 
FROM vinyls
2026-02-27 20:48:33,779 - INFO - sqlalchemy.engine.Engine - [cached since 159.3s ago] ()
2026-02-27 20:48:33,783 - INFO - sqlalchemy.engine.Engine - SELECT users.id, users.telegram_id, users.username, users.first_name, users.last_name, users.language_code, users.is_active, users.created_at 
FROM users ORDER BY users.created_at DESC
 LIMIT ? OFFSET ?
2026-02-27 20:48:33,785 - INFO - sqlalchemy.engine.Engine - [cached since 159.3s ago] (5, 0)
2026-02-27 20:48:33,789 - INFO - sqlalchemy.engine.Engine - ROLLBACK
2026-02-27 20:48:33,793 - INFO - sqlalchemy.engine.Engine - BEGIN (implicit)
2026-02-27 20:48:33,796 - INFO - sqlalchemy.engine.Engine - SELECT date(users.created_at) AS date_1, count(users.id) AS count_1 
FROM users 
WHERE users.created_at >= ? GROUP BY date(users.created_at)
2026-02-27 20:48:33,797 - INFO - sqlalchemy.engine.Engine - [cached since 159.3s ago] ('2026-02-20 20:48:33.792236',)
2026-02-27 20:48:33,802 - INFO - sqlalchemy.engine.Engine - SELECT date(vinyls.created_at) AS date_1, count(vinyls.id) AS count_1 
FROM vinyls 
WHERE vinyls.created_at >= ? GROUP BY date(vinyls.created_at)
2026-02-27 20:48:33,803 - INFO - sqlalchemy.engine.Engine - [cached since 159.2s ago] ('2026-02-20 20:48:33.792236',)
2026-02-27 20:48:33,808 - INFO - sqlalchemy.engine.Engine - ROLLBACK
2026-02-27 20:51:52,194 - INFO - sqlalchemy.engine.Engine - BEGIN (implicit)
2026-02-27 20:51:52,196 - INFO - sqlalchemy.engine.Engine - PRAGMA main.table_info("users")
2026-02-27 20:51:52,197 - INFO - sqlalchemy.engine.Engine - [raw sql] ()
2026-02-27 20:51:52,200 - INFO - sqlalchemy.engine.Engine - PRAGMA main.table_info("vinyls")
2026-02-27 20:51:52,201 - INFO - sqlalchemy.engine.Engine - [raw sql] ()
2026-02-27 20:51:52,205 - INFO - sqlalchemy.engine.Engine - PRAGMA main.table_info("tracks")
2026-02-27 20:51:52,205 - INFO - sqlalchemy.engine.Engine - [raw sql] ()
2026-02-27 20:51:52,210 - INFO - sqlalchemy.engine.Engine - PRAGMA main.table_info("artists")
2026-02-27 20:51:52,211 - INFO - sqlalchemy.engine.Engine - [raw sql] ()
2026-02-27 20:51:52,214 - INFO - sqlalchemy.engine.Engine - PRAGMA main.table_info("formats")
2026-02-27 20:51:52,215 - INFO - sqlalchemy.engine.Engine - [raw sql] ()
2026-02-27 20:51:52,218 - INFO - sqlalchemy.engine.Engine - PRAGMA main.table_info("images")
2026-02-27 20:51:52,219 - INFO - sqlalchemy.engine.Engine - [raw sql] ()
2026-02-27 20:51:52,222 - INFO - sqlalchemy.engine.Engine - PRAGMA main.table_info("identifiers")
2026-02-27 20:51:52,223 - INFO - sqlalchemy.engine.Engine - [raw sql] ()
2026-02-27 20:51:52,228 - INFO - sqlalchemy.engine.Engine - COMMIT
2026-02-27 20:51:52,253 - INFO - aiogram.dispatcher - Start polling
2026-02-27 20:51:52,533 - INFO - aiogram.dispatcher - Run polling for bot @Veny_Records_Bot id=8521577266 - '@Vinyl_Records_Bot'
2026-02-27 20:51:52,628 - INFO - sqlalchemy.engine.Engine - BEGIN (implicit)
2026-02-27 20:51:52,684 - INFO - sqlalchemy.engine.Engine - SELECT count(users.id) AS count_1 
FROM users
2026-02-27 20:51:52,685 - INFO - sqlalchemy.engine.Engine - [generated in 0.00136s] ()
2026-02-27 20:51:52,692 - INFO - sqlalchemy.engine.Engine - SELECT count(vinyls.id) AS count_1 
FROM vinyls
2026-02-27 20:51:52,694 - INFO - sqlalchemy.engine.Engine - [generated in 0.00153s] ()
2026-02-27 20:51:52,703 - INFO - sqlalchemy.engine.Engine - SELECT users.id, users.telegram_id, users.username, users.first_name, users.last_name, users.language_code, users.is_active, users.created_at 
FROM users ORDER BY users.created_at DESC
 LIMIT ? OFFSET ?
2026-02-27 20:51:52,705 - INFO - sqlalchemy.engine.Engine - [generated in 0.00151s] (5, 0)
2026-02-27 20:51:52,712 - INFO - sqlalchemy.engine.Engine - ROLLBACK
2026-02-27 20:51:52,715 - INFO - sqlalchemy.engine.Engine - BEGIN (implicit)
2026-02-27 20:51:52,719 - INFO - sqlalchemy.engine.Engine - SELECT date(users.created_at) AS date_1, count(users.id) AS count_1 
FROM users 
WHERE users.created_at >= ? GROUP BY date(users.created_at)
2026-02-27 20:51:52,721 - INFO - sqlalchemy.engine.Engine - [generated in 0.00177s] ('2026-02-20 20:51:52.714565',)
2026-02-27 20:51:52,733 - INFO - sqlalchemy.engine.Engine - SELECT date(vinyls.created_at) AS date_1, count(vinyls.id) AS count_1 
FROM vinyls 
WHERE vinyls.created_at >= ? GROUP BY date(vinyls.created_at)
2026-02-27 20:51:52,735 - INFO - sqlalchemy.engine.Engine - [generated in 0.00168s] ('2026-02-20 20:51:52.714565',)
2026-02-27 20:51:52,738 - INFO - sqlalchemy.engine.Engine - ROLLBACK
2026-02-27 20:51:57,071 - INFO - sqlalchemy.engine.Engine - BEGIN (implicit)
2026-02-27 20:51:57,073 - INFO - sqlalchemy.engine.Engine - SELECT count(users.id) AS count_1 
FROM users
2026-02-27 20:51:57,075 - INFO - sqlalchemy.engine.Engine - [cached since 4.391s ago] ()
2026-02-27 20:51:57,077 - INFO - sqlalchemy.engine.Engine - SELECT count(vinyls.id) AS count_1 
FROM vinyls
2026-02-27 20:51:57,078 - INFO - sqlalchemy.engine.Engine - [cached since 4.386s ago] ()
2026-02-27 20:51:57,083 - INFO - sqlalchemy.engine.Engine - SELECT users.id, users.telegram_id, users.username, users.first_name, users.last_name, users.language_code, users.is_active, users.created_at 
FROM users ORDER BY users.created_at DESC
 LIMIT ? OFFSET ?
2026-02-27 20:51:57,085 - INFO - sqlalchemy.engine.Engine - [cached since 4.382s ago] (5, 0)
2026-02-27 20:51:57,090 - INFO - sqlalchemy.engine.Engine - ROLLBACK
2026-02-27 20:51:57,094 - INFO - sqlalchemy.engine.Engine - BEGIN (implicit)
2026-02-27 20:51:57,096 - INFO - sqlalchemy.engine.Engine - SELECT date(users.created_at) AS date_1, count(users.id) AS count_1 
FROM users 
WHERE users.created_at >= ? GROUP BY date(users.created_at)
2026-02-27 20:51:57,097 - INFO - sqlalchemy.engine.Engine - [cached since 4.378s ago] ('2026-02-20 20:51:57.092539',)
2026-02-27 20:51:57,105 - INFO - sqlalchemy.engine.Engine - SELECT date(vinyls.created_at) AS date_1, count(vinyls.id) AS count_1 
FROM vinyls 
WHERE vinyls.created_at >= ? GROUP BY date(vinyls.created_at)
2026-02-27 20:51:57,107 - INFO - sqlalchemy.engine.Engine - [cached since 4.374s ago] ('2026-02-20 20:51:57.092539',)
2026-02-27 20:51:57,112 - INFO - sqlalchemy.engine.Engine - ROLLBACK
2026-02-27 20:55:11,268 - INFO - sqlalchemy.engine.Engine - BEGIN (implicit)
2026-02-27 20:55:11,271 - INFO - sqlalchemy.engine.Engine - PRAGMA main.table_info("users")
2026-02-27 20:55:11,272 - INFO - sqlalchemy.engine.Engine - [raw sql] ()
2026-02-27 20:55:11,277 - INFO - sqlalchemy.engine.Engine - PRAGMA main.table_info("vinyls")
2026-02-27 20:55:11,281 - INFO - sqlalchemy.engine.Engine - [raw sql] ()
2026-02-27 20:55:11,292 - INFO - sqlalchemy.engine.Engine - PRAGMA main.table_info("tracks")
2026-02-27 20:55:11,294 - INFO - sqlalchemy.engine.Engine - [raw sql] ()
2026-02-27 20:55:11,297 - INFO - sqlalchemy.engine.Engine - PRAGMA main.table_info("artists")
2026-02-27 20:55:11,298 - INFO - sqlalchemy.engine.Engine - [raw sql] ()
2026-02-27 20:55:11,302 - INFO - sqlalchemy.engine.Engine - PRAGMA main.table_info("formats")
2026-02-27 20:55:11,304 - INFO - sqlalchemy.engine.Engine - [raw sql] ()
2026-02-27 20:55:11,307 - INFO - sqlalchemy.engine.Engine - PRAGMA main.table_info("images")
2026-02-27 20:55:11,308 - INFO - sqlalchemy.engine.Engine - [raw sql] ()
2026-02-27 20:55:11,311 - INFO - sqlalchemy.engine.Engine - PRAGMA main.table_info("identifiers")
2026-02-27 20:55:11,313 - INFO - sqlalchemy.engine.Engine - [raw sql] ()
2026-02-27 20:55:11,318 - INFO - sqlalchemy.engine.Engine - COMMIT
2026-02-27 20:55:11,358 - INFO - aiogram.dispatcher - Start polling
2026-02-27 20:55:11,671 - INFO - aiogram.dispatcher - Run polling for bot @Veny_Records_Bot id=8521577266 - '@Vinyl_Records_Bot'
2026-02-27 20:56:00,598 - INFO - sqlalchemy.engine.Engine - BEGIN (implicit)
2026-02-27 20:56:00,675 - INFO - sqlalchemy.engine.Engine - SELECT count(users.id) AS count_1 
FROM users
2026-02-27 20:56:00,676 - INFO - sqlalchemy.engine.Engine - [generated in 0.00162s] ()
2026-02-27 20:56:00,683 - INFO - sqlalchemy.engine.Engine - SELECT count(vinyls.id) AS count_1 
FROM vinyls
2026-02-27 20:56:00,683 - INFO - sqlalchemy.engine.Engine - [generated in 0.00108s] ()
2026-02-27 20:56:00,695 - INFO - sqlalchemy.engine.Engine - SELECT users.id, users.telegram_id, users.username, users.first_name, users.last_name, users.language_code, users.is_active, users.created_at 
FROM users ORDER BY users.created_at DESC
 LIMIT ? OFFSET ?
2026-02-27 20:56:00,697 - INFO - sqlalchemy.engine.Engine - [generated in 0.00192s] (5, 0)
2026-02-27 20:56:00,703 - INFO - sqlalchemy.engine.Engine - ROLLBACK
2026-02-27 20:56:00,708 - INFO - sqlalchemy.engine.Engine - BEGIN (implicit)
2026-02-27 20:56:00,713 - INFO - sqlalchemy.engine.Engine - SELECT date(users.created_at) AS date_1, count(users.id) AS count_1 
FROM users 
WHERE users.created_at >= ? GROUP BY date(users.created_at)
2026-02-27 20:56:00,715 - INFO - sqlalchemy.engine.Engine - [generated in 0.00154s] ('2026-02-20 20:56:00.706843',)
2026-02-27 20:56:00,729 - INFO - sqlalchemy.engine.Engine - SELECT date(vinyls.created_at) AS date_1, count(vinyls.id) AS count_1 
FROM vinyls 
WHERE vinyls.created_at >= ? GROUP BY date(vinyls.created_at)
2026-02-27 20:56:00,730 - INFO - sqlalchemy.engine.Engine - [generated in 0.00173s] ('2026-02-20 20:56:00.706843',)
2026-02-27 20:56:00,735 - INFO - sqlalchemy.engine.Engine - ROLLBACK
2026-02-27 20:56:14,509 - INFO - sqlalchemy.engine.Engine - BEGIN (implicit)
2026-02-27 20:56:14,510 - INFO - sqlalchemy.engine.Engine - SELECT users.id, users.telegram_id, users.username, users.first_name, users.last_name, users.language_code, users.is_active, users.created_at 
FROM users 
WHERE users.telegram_id = ?
2026-02-27 20:56:14,512 - INFO - sqlalchemy.engine.Engine - [generated in 0.00116s] (7917277814,)
2026-02-27 20:56:14,522 - INFO - sqlalchemy.engine.Engine - COMMIT
2026-02-27 20:56:14,527 - INFO - sqlalchemy.engine.Engine - BEGIN (implicit)
2026-02-27 20:56:14,530 - INFO - sqlalchemy.engine.Engine - SELECT users.id, users.telegram_id, users.username, users.first_name, users.last_name, users.language_code, users.is_active, users.created_at 
FROM users 
WHERE users.id = ?
2026-02-27 20:56:14,531 - INFO - sqlalchemy.engine.Engine - [generated in 0.00146s] (2,)
2026-02-27 20:56:14,535 - INFO - sqlalchemy.engine.Engine - ROLLBACK
2026-02-27 20:56:14,547 - INFO - sqlalchemy.engine.Engine - BEGIN (implicit)
2026-02-27 20:56:14,554 - INFO - sqlalchemy.engine.Engine - SELECT vinyls.id, vinyls.user_id, vinyls.discogs_id, vinyls.title, vinyls.year, vinyls.released, vinyls.country, vinyls.catno, vinyls.notes, vinyls.lowest_price, vinyls.num_for_sale, vinyls.rating_average, vinyls.rating_count, vinyls.have_count, vinyls.want_count, vinyls.genres, vinyls.styles, vinyls.cover_image, vinyls.created_at 
FROM vinyls 
WHERE vinyls.user_id = ? ORDER BY vinyls.id DESC
 LIMIT ? OFFSET ?
2026-02-27 20:56:14,556 - INFO - sqlalchemy.engine.Engine - [generated in 0.00179s] (7917277814, 5, 0)
2026-02-27 20:56:14,572 - INFO - sqlalchemy.engine.Engine - SELECT tracks.vinyl_id AS tracks_vinyl_id, tracks.id AS tracks_id, tracks.position AS tracks_position, tracks.title AS tracks_title, tracks.duration AS tracks_duration 
FROM tracks 
WHERE tracks.vinyl_id IN (?, ?)
2026-02-27 20:56:14,574 - INFO - sqlalchemy.engine.Engine - [generated in 0.00224s] (8, 5)
2026-02-27 20:56:14,585 - INFO - sqlalchemy.engine.Engine - SELECT formats.vinyl_id AS formats_vinyl_id, formats.id AS formats_id, formats.name AS formats_name, formats.qty AS formats_qty, formats.descriptions AS formats_descriptions 
FROM formats 
WHERE formats.vinyl_id IN (?, ?)
2026-02-27 20:56:14,586 - INFO - sqlalchemy.engine.Engine - [generated in 0.00165s] (8, 5)
2026-02-27 20:56:14,595 - INFO - sqlalchemy.engine.Engine - SELECT artists.vinyl_id AS artists_vinyl_id, artists.id AS artists_id, artists.name AS artists_name, artists.role AS artists_role, artists.position AS artists_position 
FROM artists 
WHERE artists.vinyl_id IN (?, ?)
2026-02-27 20:56:14,596 - INFO - sqlalchemy.engine.Engine - [generated in 0.00164s] (8, 5)
2026-02-27 20:56:14,603 - INFO - sqlalchemy.engine.Engine - SELECT count(*) AS count_1 
FROM vinyls 
WHERE vinyls.user_id = ?
2026-02-27 20:56:14,604 - INFO - sqlalchemy.engine.Engine - [generated in 0.00119s] (7917277814,)
2026-02-27 20:56:14,609 - INFO - sqlalchemy.engine.Engine - ROLLBACK
2026-02-27 20:56:14,784 - INFO - aiogram.event - Update id=641781974 is handled. Duration 280 ms by bot id=8521577266
2026-02-27 20:56:15,984 - INFO - sqlalchemy.engine.Engine - BEGIN (implicit)
2026-02-27 20:56:15,985 - INFO - sqlalchemy.engine.Engine - SELECT users.id, users.telegram_id, users.username, users.first_name, users.last_name, users.language_code, users.is_active, users.created_at 
FROM users 
WHERE users.telegram_id = ?
2026-02-27 20:56:15,986 - INFO - sqlalchemy.engine.Engine - [cached since 1.476s ago] (7917277814,)
2026-02-27 20:56:15,992 - INFO - sqlalchemy.engine.Engine - COMMIT
2026-02-27 20:56:15,995 - INFO - sqlalchemy.engine.Engine - BEGIN (implicit)
2026-02-27 20:56:15,997 - INFO - sqlalchemy.engine.Engine - SELECT users.id, users.telegram_id, users.username, users.first_name, users.last_name, users.language_code, users.is_active, users.created_at 
FROM users 
WHERE users.id = ?
2026-02-27 20:56:15,998 - INFO - sqlalchemy.engine.Engine - [cached since 1.468s ago] (2,)
2026-02-27 20:56:16,001 - INFO - sqlalchemy.engine.Engine - ROLLBACK
2026-02-27 20:56:16,025 - INFO - sqlalchemy.engine.Engine - BEGIN (implicit)
2026-02-27 20:56:16,030 - INFO - sqlalchemy.engine.Engine - SELECT vinyls.id, vinyls.user_id, vinyls.discogs_id, vinyls.title, vinyls.year, vinyls.released, vinyls.country, vinyls.catno, vinyls.notes, vinyls.lowest_price, vinyls.num_for_sale, vinyls.rating_average, vinyls.rating_count, vinyls.have_count, vinyls.want_count, vinyls.genres, vinyls.styles, vinyls.cover_image, vinyls.created_at 
FROM vinyls 
WHERE vinyls.id = ?
2026-02-27 20:56:16,032 - INFO - sqlalchemy.engine.Engine - [generated in 0.00156s] (8,)
2026-02-27 20:56:16,043 - INFO - sqlalchemy.engine.Engine - SELECT tracks.vinyl_id AS tracks_vinyl_id, tracks.id AS tracks_id, tracks.position AS tracks_position, tracks.title AS tracks_title, tracks.duration AS tracks_duration 
FROM tracks 
WHERE tracks.vinyl_id IN (?)
2026-02-27 20:56:16,045 - INFO - sqlalchemy.engine.Engine - [generated in 0.00256s] (8,)
2026-02-27 20:56:16,054 - INFO - sqlalchemy.engine.Engine - SELECT formats.vinyl_id AS formats_vinyl_id, formats.id AS formats_id, formats.name AS formats_name, formats.qty AS formats_qty, formats.descriptions AS formats_descriptions 
FROM formats 
WHERE formats.vinyl_id IN (?)
2026-02-27 20:56:16,056 - INFO - sqlalchemy.engine.Engine - [generated in 0.00165s] (8,)
2026-02-27 20:56:16,064 - INFO - sqlalchemy.engine.Engine - SELECT artists.vinyl_id AS artists_vinyl_id, artists.id AS artists_id, artists.name AS artists_name, artists.role AS artists_role, artists.position AS artists_position 
FROM artists 
WHERE artists.vinyl_id IN (?)
2026-02-27 20:56:16,066 - INFO - sqlalchemy.engine.Engine - [generated in 0.00161s] (8,)
2026-02-27 20:56:16,075 - INFO - sqlalchemy.engine.Engine - SELECT images.vinyl_id AS images_vinyl_id, images.id AS images_id, images.type AS images_type, images.uri AS images_uri, images.uri150 AS images_uri150, images.width AS images_width, images.height AS images_height 
FROM images 
WHERE images.vinyl_id IN (?)
2026-02-27 20:56:16,077 - INFO - sqlalchemy.engine.Engine - [generated in 0.00264s] (8,)
2026-02-27 20:56:16,086 - INFO - sqlalchemy.engine.Engine - SELECT identifiers.vinyl_id AS identifiers_vinyl_id, identifiers.id AS identifiers_id, identifiers.type AS identifiers_type, identifiers.value AS identifiers_value, identifiers.description AS identifiers_description 
FROM identifiers 
WHERE identifiers.vinyl_id IN (?)
2026-02-27 20:56:16,087 - INFO - sqlalchemy.engine.Engine - [generated in 0.00171s] (8,)
2026-02-27 20:56:16,093 - INFO - sqlalchemy.engine.Engine - ROLLBACK
2026-02-27 20:56:17,118 - INFO - aiogram.event - Update id=641781975 is handled. Duration 1125 ms by bot id=8521577266
2026-02-27 20:56:18,335 - INFO - sqlalchemy.engine.Engine - BEGIN (implicit)
2026-02-27 20:56:18,337 - INFO - sqlalchemy.engine.Engine - SELECT users.id, users.telegram_id, users.username, users.first_name, users.last_name, users.language_code, users.is_active, users.created_at 
FROM users 
WHERE users.telegram_id = ?
2026-02-27 20:56:18,338 - INFO - sqlalchemy.engine.Engine - [cached since 3.827s ago] (7917277814,)
2026-02-27 20:56:18,343 - INFO - sqlalchemy.engine.Engine - COMMIT
2026-02-27 20:56:18,345 - INFO - sqlalchemy.engine.Engine - BEGIN (implicit)
2026-02-27 20:56:18,347 - INFO - sqlalchemy.engine.Engine - SELECT users.id, users.telegram_id, users.username, users.first_name, users.last_name, users.language_code, users.is_active, users.created_at 
FROM users 
WHERE users.id = ?
2026-02-27 20:56:18,348 - INFO - sqlalchemy.engine.Engine - [cached since 3.818s ago] (2,)
2026-02-27 20:56:18,351 - INFO - sqlalchemy.engine.Engine - ROLLBACK
2026-02-27 20:56:18,374 - INFO - sqlalchemy.engine.Engine - BEGIN (implicit)
2026-02-27 20:56:18,376 - INFO - sqlalchemy.engine.Engine - SELECT vinyls.id, vinyls.user_id, vinyls.discogs_id, vinyls.title, vinyls.year, vinyls.released, vinyls.country, vinyls.catno, vinyls.notes, vinyls.lowest_price, vinyls.num_for_sale, vinyls.rating_average, vinyls.rating_count, vinyls.have_count, vinyls.want_count, vinyls.genres, vinyls.styles, vinyls.cover_image, vinyls.created_at 
FROM vinyls 
WHERE vinyls.user_id = ? ORDER BY vinyls.id DESC
 LIMIT ? OFFSET ?
2026-02-27 20:56:18,377 - INFO - sqlalchemy.engine.Engine - [cached since 3.824s ago] (7917277814, 5, 0)
2026-02-27 20:56:18,383 - INFO - sqlalchemy.engine.Engine - SELECT tracks.vinyl_id AS tracks_vinyl_id, tracks.id AS tracks_id, tracks.position AS tracks_position, tracks.title AS tracks_title, tracks.duration AS tracks_duration 
FROM tracks 
WHERE tracks.vinyl_id IN (?, ?)
2026-02-27 20:56:18,384 - INFO - sqlalchemy.engine.Engine - [cached since 3.813s ago] (8, 5)
2026-02-27 20:56:18,391 - INFO - sqlalchemy.engine.Engine - SELECT formats.vinyl_id AS formats_vinyl_id, formats.id AS formats_id, formats.name AS formats_name, formats.qty AS formats_qty, formats.descriptions AS formats_descriptions 
FROM formats 
WHERE formats.vinyl_id IN (?, ?)
2026-02-27 20:56:18,393 - INFO - sqlalchemy.engine.Engine - [cached since 3.808s ago] (8, 5)
2026-02-27 20:56:18,399 - INFO - sqlalchemy.engine.Engine - SELECT artists.vinyl_id AS artists_vinyl_id, artists.id AS artists_id, artists.name AS artists_name, artists.role AS artists_role, artists.position AS artists_position 
FROM artists 
WHERE artists.vinyl_id IN (?, ?)
2026-02-27 20:56:18,401 - INFO - sqlalchemy.engine.Engine - [cached since 3.806s ago] (8, 5)
2026-02-27 20:56:18,405 - INFO - sqlalchemy.engine.Engine - SELECT count(*) AS count_1 
FROM vinyls 
WHERE vinyls.user_id = ?
2026-02-27 20:56:18,406 - INFO - sqlalchemy.engine.Engine - [cached since 3.804s ago] (7917277814,)
2026-02-27 20:56:18,410 - INFO - sqlalchemy.engine.Engine - ROLLBACK
2026-02-27 20:56:18,786 - INFO - aiogram.event - Update id=641781976 is handled. Duration 452 ms by bot id=8521577266
2026-02-27 20:56:19,550 - INFO - sqlalchemy.engine.Engine - BEGIN (implicit)
2026-02-27 20:56:19,552 - INFO - sqlalchemy.engine.Engine - SELECT users.id, users.telegram_id, users.username, users.first_name, users.last_name, users.language_code, users.is_active, users.created_at 
FROM users 
WHERE users.telegram_id = ?
2026-02-27 20:56:19,554 - INFO - sqlalchemy.engine.Engine - [cached since 5.043s ago] (7917277814,)
2026-02-27 20:56:19,559 - INFO - sqlalchemy.engine.Engine - COMMIT
2026-02-27 20:56:19,560 - INFO - sqlalchemy.engine.Engine - BEGIN (implicit)
2026-02-27 20:56:19,562 - INFO - sqlalchemy.engine.Engine - SELECT users.id, users.telegram_id, users.username, users.first_name, users.last_name, users.language_code, users.is_active, users.created_at 
FROM users 
WHERE users.id = ?
2026-02-27 20:56:19,563 - INFO - sqlalchemy.engine.Engine - [cached since 5.034s ago] (2,)
2026-02-27 20:56:19,567 - INFO - sqlalchemy.engine.Engine - ROLLBACK
2026-02-27 20:56:19,591 - INFO - sqlalchemy.engine.Engine - BEGIN (implicit)
2026-02-27 20:56:19,592 - INFO - sqlalchemy.engine.Engine - SELECT vinyls.id, vinyls.user_id, vinyls.discogs_id, vinyls.title, vinyls.year, vinyls.released, vinyls.country, vinyls.catno, vinyls.notes, vinyls.lowest_price, vinyls.num_for_sale, vinyls.rating_average, vinyls.rating_count, vinyls.have_count, vinyls.want_count, vinyls.genres, vinyls.styles, vinyls.cover_image, vinyls.created_at 
FROM vinyls 
WHERE vinyls.id = ?
2026-02-27 20:56:19,594 - INFO - sqlalchemy.engine.Engine - [cached since 3.564s ago] (5,)
2026-02-27 20:56:19,600 - INFO - sqlalchemy.engine.Engine - SELECT tracks.vinyl_id AS tracks_vinyl_id, tracks.id AS tracks_id, tracks.position AS tracks_position, tracks.title AS tracks_title, tracks.duration AS tracks_duration 
FROM tracks 
WHERE tracks.vinyl_id IN (?)
2026-02-27 20:56:19,601 - INFO - sqlalchemy.engine.Engine - [cached since 3.56s ago] (5,)
2026-02-27 20:56:19,609 - INFO - sqlalchemy.engine.Engine - SELECT formats.vinyl_id AS formats_vinyl_id, formats.id AS formats_id, formats.name AS formats_name, formats.qty AS formats_qty, formats.descriptions AS formats_descriptions 
FROM formats 
WHERE formats.vinyl_id IN (?)
2026-02-27 20:56:19,611 - INFO - sqlalchemy.engine.Engine - [cached since 3.557s ago] (5,)
2026-02-27 20:56:19,615 - INFO - sqlalchemy.engine.Engine - SELECT artists.vinyl_id AS artists_vinyl_id, artists.id AS artists_id, artists.name AS artists_name, artists.role AS artists_role, artists.position AS artists_position 
FROM artists 
WHERE artists.vinyl_id IN (?)
2026-02-27 20:56:19,617 - INFO - sqlalchemy.engine.Engine - [cached since 3.554s ago] (5,)
2026-02-27 20:56:19,623 - INFO - sqlalchemy.engine.Engine - SELECT images.vinyl_id AS images_vinyl_id, images.id AS images_id, images.type AS images_type, images.uri AS images_uri, images.uri150 AS images_uri150, images.width AS images_width, images.height AS images_height 
FROM images 
WHERE images.vinyl_id IN (?)
2026-02-27 20:56:19,625 - INFO - sqlalchemy.engine.Engine - [cached since 3.551s ago] (5,)
2026-02-27 20:56:19,630 - INFO - sqlalchemy.engine.Engine - SELECT identifiers.vinyl_id AS identifiers_vinyl_id, identifiers.id AS identifiers_id, identifiers.type AS identifiers_type, identifiers.value AS identifiers_value, identifiers.description AS identifiers_description 
FROM identifiers 
WHERE identifiers.vinyl_id IN (?)
2026-02-27 20:56:19,632 - INFO - sqlalchemy.engine.Engine - [cached since 3.547s ago] (5,)
2026-02-27 20:56:19,636 - INFO - sqlalchemy.engine.Engine - ROLLBACK
2026-02-27 20:56:20,769 - INFO - aiogram.event - Update id=641781977 is handled. Duration 1219 ms by bot id=8521577266
2026-02-27 20:56:23,421 - INFO - sqlalchemy.engine.Engine - BEGIN (implicit)
2026-02-27 20:56:23,423 - INFO - sqlalchemy.engine.Engine - SELECT count(users.id) AS count_1 
FROM users
2026-02-27 20:56:23,425 - INFO - sqlalchemy.engine.Engine - [cached since 22.75s ago] ()
2026-02-27 20:56:23,429 - INFO - sqlalchemy.engine.Engine - SELECT count(vinyls.id) AS count_1 
FROM vinyls
2026-02-27 20:56:23,430 - INFO - sqlalchemy.engine.Engine - [cached since 22.75s ago] ()
2026-02-27 20:56:23,435 - INFO - sqlalchemy.engine.Engine - SELECT users.id, users.telegram_id, users.username, users.first_name, users.last_name, users.language_code, users.is_active, users.created_at 
FROM users ORDER BY users.created_at DESC
 LIMIT ? OFFSET ?
2026-02-27 20:56:23,437 - INFO - sqlalchemy.engine.Engine - [cached since 22.74s ago] (5, 0)
2026-02-27 20:56:23,443 - INFO - sqlalchemy.engine.Engine - ROLLBACK
2026-02-27 20:56:23,445 - INFO - sqlalchemy.engine.Engine - BEGIN (implicit)
2026-02-27 20:56:23,447 - INFO - sqlalchemy.engine.Engine - SELECT date(users.created_at) AS date_1, count(users.id) AS count_1 
FROM users 
WHERE users.created_at >= ? GROUP BY date(users.created_at)
2026-02-27 20:56:23,449 - INFO - sqlalchemy.engine.Engine - [cached since 22.74s ago] ('2026-02-20 20:56:23.444496',)
2026-02-27 20:56:23,455 - INFO - sqlalchemy.engine.Engine - SELECT date(vinyls.created_at) AS date_1, count(vinyls.id) AS count_1 
FROM vinyls 
WHERE vinyls.created_at >= ? GROUP BY date(vinyls.created_at)
2026-02-27 20:56:23,457 - INFO - sqlalchemy.engine.Engine - [cached since 22.73s ago] ('2026-02-20 20:56:23.444496',)
2026-02-27 20:56:23,473 - INFO - sqlalchemy.engine.Engine - ROLLBACK
2026-02-27 20:56:38,606 - INFO - sqlalchemy.engine.Engine - BEGIN (implicit)
2026-02-27 20:56:38,608 - INFO - sqlalchemy.engine.Engine - SELECT count(users.id) AS count_1 
FROM users
2026-02-27 20:56:38,609 - INFO - sqlalchemy.engine.Engine - [cached since 37.93s ago] ()
2026-02-27 20:56:38,614 - INFO - sqlalchemy.engine.Engine - SELECT count(vinyls.id) AS count_1 
FROM vinyls
2026-02-27 20:56:38,615 - INFO - sqlalchemy.engine.Engine - [cached since 37.93s ago] ()
2026-02-27 20:56:38,618 - INFO - sqlalchemy.engine.Engine - SELECT users.id, users.telegram_id, users.username, users.first_name, users.last_name, users.language_code, users.is_active, users.created_at 
FROM users ORDER BY users.created_at DESC
 LIMIT ? OFFSET ?
2026-02-27 20:56:38,620 - INFO - sqlalchemy.engine.Engine - [cached since 37.92s ago] (5, 0)
2026-02-27 20:56:38,625 - INFO - sqlalchemy.engine.Engine - ROLLBACK
2026-02-27 20:56:38,629 - INFO - sqlalchemy.engine.Engine - BEGIN (implicit)
2026-02-27 20:56:38,631 - INFO - sqlalchemy.engine.Engine - SELECT date(users.created_at) AS date_1, count(users.id) AS count_1 
FROM users 
WHERE users.created_at >= ? GROUP BY date(users.created_at)
2026-02-27 20:56:38,632 - INFO - sqlalchemy.engine.Engine - [cached since 37.92s ago] ('2026-02-20 20:56:38.628970',)
2026-02-27 20:56:38,636 - INFO - sqlalchemy.engine.Engine - SELECT date(vinyls.created_at) AS date_1, count(vinyls.id) AS count_1 
FROM vinyls 
WHERE vinyls.created_at >= ? GROUP BY date(vinyls.created_at)
2026-02-27 20:56:38,637 - INFO - sqlalchemy.engine.Engine - [cached since 37.91s ago] ('2026-02-20 20:56:38.628970',)
2026-02-27 20:56:38,645 - INFO - sqlalchemy.engine.Engine - ROLLBACK
2026-02-27 20:56:43,606 - INFO - sqlalchemy.engine.Engine - BEGIN (implicit)
2026-02-27 20:56:43,608 - INFO - sqlalchemy.engine.Engine - SELECT users.id, users.telegram_id, users.username, users.first_name, users.last_name, users.language_code, users.is_active, users.created_at 
FROM users 
WHERE users.telegram_id = ?
2026-02-27 20:56:43,609 - INFO - sqlalchemy.engine.Engine - [cached since 29.1s ago] (7917277814,)
2026-02-27 20:56:43,613 - INFO - sqlalchemy.engine.Engine - COMMIT
2026-02-27 20:56:43,616 - INFO - sqlalchemy.engine.Engine - BEGIN (implicit)
2026-02-27 20:56:43,617 - INFO - sqlalchemy.engine.Engine - SELECT users.id, users.telegram_id, users.username, users.first_name, users.last_name, users.language_code, users.is_active, users.created_at 
FROM users 
WHERE users.id = ?
2026-02-27 20:56:43,619 - INFO - sqlalchemy.engine.Engine - [cached since 29.09s ago] (2,)
2026-02-27 20:56:43,624 - INFO - sqlalchemy.engine.Engine - ROLLBACK
2026-02-27 20:56:43,786 - INFO - aiogram.event - Update id=641781978 is handled. Duration 171 ms by bot id=8521577266
2026-02-27 20:56:45,040 - INFO - sqlalchemy.engine.Engine - BEGIN (implicit)
2026-02-27 20:56:45,042 - INFO - sqlalchemy.engine.Engine - SELECT users.id, users.telegram_id, users.username, users.first_name, users.last_name, users.language_code, users.is_active, users.created_at 
FROM users 
WHERE users.telegram_id = ?
2026-02-27 20:56:45,043 - INFO - sqlalchemy.engine.Engine - [cached since 30.53s ago] (7917277814,)
2026-02-27 20:56:45,047 - INFO - sqlalchemy.engine.Engine - COMMIT
2026-02-27 20:56:45,050 - INFO - sqlalchemy.engine.Engine - BEGIN (implicit)
2026-02-27 20:56:45,052 - INFO - sqlalchemy.engine.Engine - SELECT users.id, users.telegram_id, users.username, users.first_name, users.last_name, users.language_code, users.is_active, users.created_at 
FROM users 
WHERE users.id = ?
2026-02-27 20:56:45,053 - INFO - sqlalchemy.engine.Engine - [cached since 30.52s ago] (2,)
2026-02-27 20:56:45,057 - INFO - sqlalchemy.engine.Engine - ROLLBACK
2026-02-27 20:56:45,088 - INFO - sqlalchemy.engine.Engine - BEGIN (implicit)
2026-02-27 20:56:45,090 - INFO - sqlalchemy.engine.Engine - SELECT count(vinyls.id) AS count_1 
FROM vinyls 
WHERE vinyls.user_id = ?
2026-02-27 20:56:45,092 - INFO - sqlalchemy.engine.Engine - [generated in 0.00125s] (7917277814,)
2026-02-27 20:56:45,112 - INFO - sqlalchemy.engine.Engine - SELECT count(distinct(artists.name)) AS count_1 
FROM artists JOIN vinyls ON vinyls.id = artists.vinyl_id 
WHERE vinyls.user_id = ?
2026-02-27 20:56:45,113 - INFO - sqlalchemy.engine.Engine - [generated in 0.00135s] (7917277814,)
2026-02-27 20:56:45,119 - INFO - sqlalchemy.engine.Engine - SELECT count(distinct(vinyls.country)) AS count_1 
FROM vinyls 
WHERE vinyls.user_id = ? AND vinyls.country IS NOT NULL
2026-02-27 20:56:45,120 - INFO - sqlalchemy.engine.Engine - [generated in 0.00123s] (7917277814,)
2026-02-27 20:56:45,129 - INFO - sqlalchemy.engine.Engine - SELECT min(vinyls.year) AS min_1, max(vinyls.year) AS max_1, avg(vinyls.year) AS avg_1 
FROM vinyls 
WHERE vinyls.user_id = ? AND vinyls.year IS NOT NULL AND vinyls.year > ?
2026-02-27 20:56:45,130 - INFO - sqlalchemy.engine.Engine - [generated in 0.00156s] (7917277814, 0)
2026-02-27 20:56:45,138 - INFO - sqlalchemy.engine.Engine - SELECT artists.name, count(vinyls.id) AS count_1 
FROM artists JOIN vinyls ON vinyls.id = artists.vinyl_id 
WHERE vinyls.user_id = ? GROUP BY artists.name ORDER BY count(vinyls.id) DESC
 LIMIT ? OFFSET ?
2026-02-27 20:56:45,140 - INFO - sqlalchemy.engine.Engine - [generated in 0.00163s] (7917277814, 5, 0)
2026-02-27 20:56:45,146 - INFO - sqlalchemy.engine.Engine - SELECT vinyls.country, count(vinyls.id) AS count_1 
FROM vinyls 
WHERE vinyls.user_id = ? AND vinyls.country IS NOT NULL GROUP BY vinyls.country ORDER BY count(vinyls.id) DESC
 LIMIT ? OFFSET ?
2026-02-27 20:56:45,148 - INFO - sqlalchemy.engine.Engine - [generated in 0.00243s] (7917277814, 5, 0)
2026-02-27 20:56:45,158 - INFO - sqlalchemy.engine.Engine - SELECT vinyls.id, vinyls.user_id, vinyls.discogs_id, vinyls.title, vinyls.year, vinyls.released, vinyls.country, vinyls.catno, vinyls.notes, vinyls.lowest_price, vinyls.num_for_sale, vinyls.rating_average, vinyls.rating_count, vinyls.have_count, vinyls.want_count, vinyls.genres, vinyls.styles, vinyls.cover_image, vinyls.created_at 
FROM vinyls 
WHERE vinyls.user_id = ? AND vinyls.rating_average IS NOT NULL ORDER BY vinyls.rating_average DESC
 LIMIT ? OFFSET ?
2026-02-27 20:56:45,160 - INFO - sqlalchemy.engine.Engine - [generated in 0.00199s] (7917277814, 5, 0)
2026-02-27 20:56:45,167 - INFO - sqlalchemy.engine.Engine - SELECT artists.vinyl_id AS artists_vinyl_id, artists.id AS artists_id, artists.name AS artists_name, artists.role AS artists_role, artists.position AS artists_position 
FROM artists 
WHERE artists.vinyl_id IN (?, ?)
2026-02-27 20:56:45,169 - INFO - sqlalchemy.engine.Engine - [generated in 0.00247s] (5, 8)
2026-02-27 20:56:45,177 - INFO - sqlalchemy.engine.Engine - SELECT vinyls.id, vinyls.user_id, vinyls.discogs_id, vinyls.title, vinyls.year, vinyls.released, vinyls.country, vinyls.catno, vinyls.notes, vinyls.lowest_price, vinyls.num_for_sale, vinyls.rating_average, vinyls.rating_count, vinyls.have_count, vinyls.want_count, vinyls.genres, vinyls.styles, vinyls.cover_image, vinyls.created_at 
FROM vinyls 
WHERE vinyls.user_id = ? AND vinyls.have_count IS NOT NULL AND vinyls.have_count > ? ORDER BY vinyls.have_count ASC
 LIMIT ? OFFSET ?
2026-02-27 20:56:45,179 - INFO - sqlalchemy.engine.Engine - [generated in 0.00226s] (7917277814, 0, 5, 0)
2026-02-27 20:56:45,187 - INFO - sqlalchemy.engine.Engine - SELECT artists.vinyl_id AS artists_vinyl_id, artists.id AS artists_id, artists.name AS artists_name, artists.role AS artists_role, artists.position AS artists_position 
FROM artists 
WHERE artists.vinyl_id IN (?, ?)
2026-02-27 20:56:45,189 - INFO - sqlalchemy.engine.Engine - [cached since 0.02228s ago] (5, 8)
2026-02-27 20:56:45,197 - INFO - sqlalchemy.engine.Engine - SELECT vinyls.id, vinyls.user_id, vinyls.discogs_id, vinyls.title, vinyls.year, vinyls.released, vinyls.country, vinyls.catno, vinyls.notes, vinyls.lowest_price, vinyls.num_for_sale, vinyls.rating_average, vinyls.rating_count, vinyls.have_count, vinyls.want_count, vinyls.genres, vinyls.styles, vinyls.cover_image, vinyls.created_at 
FROM vinyls 
WHERE vinyls.user_id = ? AND vinyls.lowest_price IS NOT NULL ORDER BY vinyls.lowest_price DESC
 LIMIT ? OFFSET ?
2026-02-27 20:56:45,200 - INFO - sqlalchemy.engine.Engine - [generated in 0.00285s] (7917277814, 5, 0)
2026-02-27 20:56:45,206 - INFO - sqlalchemy.engine.Engine - SELECT artists.vinyl_id AS artists_vinyl_id, artists.id AS artists_id, artists.name AS artists_name, artists.role AS artists_role, artists.position AS artists_position 
FROM artists 
WHERE artists.vinyl_id IN (?, ?)
2026-02-27 20:56:45,207 - INFO - sqlalchemy.engine.Engine - [cached since 0.04076s ago] (5, 8)
2026-02-27 20:56:45,212 - INFO - sqlalchemy.engine.Engine - SELECT vinyls.id, vinyls.user_id, vinyls.discogs_id, vinyls.title, vinyls.year, vinyls.released, vinyls.country, vinyls.catno, vinyls.notes, vinyls.lowest_price, vinyls.num_for_sale, vinyls.rating_average, vinyls.rating_count, vinyls.have_count, vinyls.want_count, vinyls.genres, vinyls.styles, vinyls.cover_image, vinyls.created_at 
FROM vinyls 
WHERE vinyls.user_id = ?
2026-02-27 20:56:45,213 - INFO - sqlalchemy.engine.Engine - [generated in 0.00198s] (7917277814,)
2026-02-27 20:56:45,220 - INFO - sqlalchemy.engine.Engine - SELECT artists.vinyl_id AS artists_vinyl_id, artists.id AS artists_id, artists.name AS artists_name, artists.role AS artists_role, artists.position AS artists_position 
FROM artists 
WHERE artists.vinyl_id IN (?, ?)
2026-02-27 20:56:45,222 - INFO - sqlalchemy.engine.Engine - [cached since 0.05578s ago] (5, 8)
2026-02-27 20:56:45,226 - INFO - sqlalchemy.engine.Engine - ROLLBACK
2026-02-27 20:56:45,308 - INFO - aiogram.event - Update id=641781979 is handled. Duration 281 ms by bot id=8521577266
2026-02-27 20:56:52,324 - INFO - sqlalchemy.engine.Engine - BEGIN (implicit)
2026-02-27 20:56:52,325 - INFO - sqlalchemy.engine.Engine - SELECT users.id, users.telegram_id, users.username, users.first_name, users.last_name, users.language_code, users.is_active, users.created_at 
FROM users 
WHERE users.telegram_id = ?
2026-02-27 20:56:52,327 - INFO - sqlalchemy.engine.Engine - [cached since 37.82s ago] (7917277814,)
2026-02-27 20:56:52,332 - INFO - sqlalchemy.engine.Engine - COMMIT
2026-02-27 20:56:52,334 - INFO - sqlalchemy.engine.Engine - BEGIN (implicit)
2026-02-27 20:56:52,335 - INFO - sqlalchemy.engine.Engine - SELECT users.id, users.telegram_id, users.username, users.first_name, users.last_name, users.language_code, users.is_active, users.created_at 
FROM users 
WHERE users.id = ?
2026-02-27 20:56:52,336 - INFO - sqlalchemy.engine.Engine - [cached since 37.81s ago] (2,)
2026-02-27 20:56:52,341 - INFO - sqlalchemy.engine.Engine - ROLLBACK
2026-02-27 20:56:52,511 - INFO - aiogram.event - Update id=641781980 is handled. Duration 186 ms by bot id=8521577266
2026-02-27 20:56:54,977 - INFO - sqlalchemy.engine.Engine - BEGIN (implicit)
2026-02-27 20:56:54,979 - INFO - sqlalchemy.engine.Engine - SELECT count(users.id) AS count_1 
FROM users
2026-02-27 20:56:54,980 - INFO - sqlalchemy.engine.Engine - [cached since 54.31s ago] ()
2026-02-27 20:56:54,984 - INFO - sqlalchemy.engine.Engine - SELECT count(vinyls.id) AS count_1 
FROM vinyls
2026-02-27 20:56:54,986 - INFO - sqlalchemy.engine.Engine - [cached since 54.3s ago] ()
2026-02-27 20:56:54,989 - INFO - sqlalchemy.engine.Engine - SELECT users.id, users.telegram_id, users.username, users.first_name, users.last_name, users.language_code, users.is_active, users.created_at 
FROM users ORDER BY users.created_at DESC
 LIMIT ? OFFSET ?
2026-02-27 20:56:54,991 - INFO - sqlalchemy.engine.Engine - [cached since 54.3s ago] (5, 0)
2026-02-27 20:56:54,997 - INFO - sqlalchemy.engine.Engine - ROLLBACK
2026-02-27 20:56:55,001 - INFO - sqlalchemy.engine.Engine - BEGIN (implicit)
2026-02-27 20:56:55,003 - INFO - sqlalchemy.engine.Engine - SELECT date(users.created_at) AS date_1, count(users.id) AS count_1 
FROM users 
WHERE users.created_at >= ? GROUP BY date(users.created_at)
2026-02-27 20:56:55,004 - INFO - sqlalchemy.engine.Engine - [cached since 54.29s ago] ('2026-02-20 20:56:55.000575',)
2026-02-27 20:56:55,010 - INFO - sqlalchemy.engine.Engine - SELECT date(vinyls.created_at) AS date_1, count(vinyls.id) AS count_1 
FROM vinyls 
WHERE vinyls.created_at >= ? GROUP BY date(vinyls.created_at)
2026-02-27 20:56:55,012 - INFO - sqlalchemy.engine.Engine - [cached since 54.28s ago] ('2026-02-20 20:56:55.000575',)
2026-02-27 20:56:55,027 - INFO - sqlalchemy.engine.Engine - ROLLBACK
2026-02-27 20:57:03,398 - INFO - sqlalchemy.engine.Engine - BEGIN (implicit)
2026-02-27 20:57:03,399 - INFO - sqlalchemy.engine.Engine - SELECT users.id, users.telegram_id, users.username, users.first_name, users.last_name, users.language_code, users.is_active, users.created_at 
FROM users 
WHERE users.telegram_id = ?
2026-02-27 20:57:03,400 - INFO - sqlalchemy.engine.Engine - [cached since 48.89s ago] (7917277814,)
2026-02-27 20:57:03,404 - INFO - sqlalchemy.engine.Engine - COMMIT
2026-02-27 20:57:03,407 - INFO - sqlalchemy.engine.Engine - BEGIN (implicit)
2026-02-27 20:57:03,409 - INFO - sqlalchemy.engine.Engine - SELECT users.id, users.telegram_id, users.username, users.first_name, users.last_name, users.language_code, users.is_active, users.created_at 
FROM users 
WHERE users.id = ?
2026-02-27 20:57:03,411 - INFO - sqlalchemy.engine.Engine - [cached since 48.88s ago] (2,)
2026-02-27 20:57:03,420 - INFO - sqlalchemy.engine.Engine - ROLLBACK
2026-02-27 20:57:03,439 - INFO - sqlalchemy.engine.Engine - BEGIN (implicit)
2026-02-27 20:57:03,440 - INFO - sqlalchemy.engine.Engine - SELECT count(vinyls.id) AS count_1 
FROM vinyls 
WHERE vinyls.user_id = ?
2026-02-27 20:57:03,442 - INFO - sqlalchemy.engine.Engine - [cached since 18.35s ago] (7917277814,)
2026-02-27 20:57:03,447 - INFO - sqlalchemy.engine.Engine - SELECT count(distinct(artists.name)) AS count_1 
FROM artists JOIN vinyls ON vinyls.id = artists.vinyl_id 
WHERE vinyls.user_id = ?
2026-02-27 20:57:03,448 - INFO - sqlalchemy.engine.Engine - [cached since 18.34s ago] (7917277814,)
2026-02-27 20:57:03,454 - INFO - sqlalchemy.engine.Engine - SELECT count(distinct(vinyls.country)) AS count_1 
FROM vinyls 
WHERE vinyls.user_id = ? AND vinyls.country IS NOT NULL
2026-02-27 20:57:03,455 - INFO - sqlalchemy.engine.Engine - [cached since 18.34s ago] (7917277814,)
2026-02-27 20:57:03,459 - INFO - sqlalchemy.engine.Engine - SELECT min(vinyls.year) AS min_1, max(vinyls.year) AS max_1, avg(vinyls.year) AS avg_1 
FROM vinyls 
WHERE vinyls.user_id = ? AND vinyls.year IS NOT NULL AND vinyls.year > ?
2026-02-27 20:57:03,461 - INFO - sqlalchemy.engine.Engine - [cached since 18.33s ago] (7917277814, 0)
2026-02-27 20:57:03,466 - INFO - sqlalchemy.engine.Engine - SELECT artists.name, count(vinyls.id) AS count_1 
FROM artists JOIN vinyls ON vinyls.id = artists.vinyl_id 
WHERE vinyls.user_id = ? GROUP BY artists.name ORDER BY count(vinyls.id) DESC
 LIMIT ? OFFSET ?
2026-02-27 20:57:03,467 - INFO - sqlalchemy.engine.Engine - [cached since 18.33s ago] (7917277814, 5, 0)
2026-02-27 20:57:03,473 - INFO - sqlalchemy.engine.Engine - SELECT vinyls.country, count(vinyls.id) AS count_1 
FROM vinyls 
WHERE vinyls.user_id = ? AND vinyls.country IS NOT NULL GROUP BY vinyls.country ORDER BY count(vinyls.id) DESC
 LIMIT ? OFFSET ?
2026-02-27 20:57:03,475 - INFO - sqlalchemy.engine.Engine - [cached since 18.33s ago] (7917277814, 5, 0)
2026-02-27 20:57:03,481 - INFO - sqlalchemy.engine.Engine - SELECT vinyls.id, vinyls.user_id, vinyls.discogs_id, vinyls.title, vinyls.year, vinyls.released, vinyls.country, vinyls.catno, vinyls.notes, vinyls.lowest_price, vinyls.num_for_sale, vinyls.rating_average, vinyls.rating_count, vinyls.have_count, vinyls.want_count, vinyls.genres, vinyls.styles, vinyls.cover_image, vinyls.created_at 
FROM vinyls 
WHERE vinyls.user_id = ? AND vinyls.rating_average IS NOT NULL ORDER BY vinyls.rating_average DESC
 LIMIT ? OFFSET ?
2026-02-27 20:57:03,482 - INFO - sqlalchemy.engine.Engine - [cached since 18.32s ago] (7917277814, 5, 0)
2026-02-27 20:57:03,488 - INFO - sqlalchemy.engine.Engine - SELECT artists.vinyl_id AS artists_vinyl_id, artists.id AS artists_id, artists.name AS artists_name, artists.role AS artists_role, artists.position AS artists_position 
FROM artists 
WHERE artists.vinyl_id IN (?, ?)
2026-02-27 20:57:03,490 - INFO - sqlalchemy.engine.Engine - [cached since 18.32s ago] (5, 8)
2026-02-27 20:57:03,495 - INFO - sqlalchemy.engine.Engine - SELECT vinyls.id, vinyls.user_id, vinyls.discogs_id, vinyls.title, vinyls.year, vinyls.released, vinyls.country, vinyls.catno, vinyls.notes, vinyls.lowest_price, vinyls.num_for_sale, vinyls.rating_average, vinyls.rating_count, vinyls.have_count, vinyls.want_count, vinyls.genres, vinyls.styles, vinyls.cover_image, vinyls.created_at 
FROM vinyls 
WHERE vinyls.user_id = ? AND vinyls.have_count IS NOT NULL AND vinyls.have_count > ? ORDER BY vinyls.have_count ASC
 LIMIT ? OFFSET ?
2026-02-27 20:57:03,497 - INFO - sqlalchemy.engine.Engine - [cached since 18.32s ago] (7917277814, 0, 5, 0)
2026-02-27 20:57:03,502 - INFO - sqlalchemy.engine.Engine - SELECT artists.vinyl_id AS artists_vinyl_id, artists.id AS artists_id, artists.name AS artists_name, artists.role AS artists_role, artists.position AS artists_position 
FROM artists 
WHERE artists.vinyl_id IN (?, ?)
2026-02-27 20:57:03,503 - INFO - sqlalchemy.engine.Engine - [cached since 18.34s ago] (5, 8)
2026-02-27 20:57:03,509 - INFO - sqlalchemy.engine.Engine - SELECT vinyls.id, vinyls.user_id, vinyls.discogs_id, vinyls.title, vinyls.year, vinyls.released, vinyls.country, vinyls.catno, vinyls.notes, vinyls.lowest_price, vinyls.num_for_sale, vinyls.rating_average, vinyls.rating_count, vinyls.have_count, vinyls.want_count, vinyls.genres, vinyls.styles, vinyls.cover_image, vinyls.created_at 
FROM vinyls 
WHERE vinyls.user_id = ? AND vinyls.lowest_price IS NOT NULL ORDER BY vinyls.lowest_price DESC
 LIMIT ? OFFSET ?
2026-02-27 20:57:03,512 - INFO - sqlalchemy.engine.Engine - [cached since 18.32s ago] (7917277814, 5, 0)
2026-02-27 20:57:03,517 - INFO - sqlalchemy.engine.Engine - SELECT artists.vinyl_id AS artists_vinyl_id, artists.id AS artists_id, artists.name AS artists_name, artists.role AS artists_role, artists.position AS artists_position 
FROM artists 
WHERE artists.vinyl_id IN (?, ?)
2026-02-27 20:57:03,519 - INFO - sqlalchemy.engine.Engine - [cached since 18.35s ago] (5, 8)
2026-02-27 20:57:03,524 - INFO - sqlalchemy.engine.Engine - SELECT vinyls.id, vinyls.user_id, vinyls.discogs_id, vinyls.title, vinyls.year, vinyls.released, vinyls.country, vinyls.catno, vinyls.notes, vinyls.lowest_price, vinyls.num_for_sale, vinyls.rating_average, vinyls.rating_count, vinyls.have_count, vinyls.want_count, vinyls.genres, vinyls.styles, vinyls.cover_image, vinyls.created_at 
FROM vinyls 
WHERE vinyls.user_id = ?
2026-02-27 20:57:03,526 - INFO - sqlalchemy.engine.Engine - [cached since 18.31s ago] (7917277814,)
2026-02-27 20:57:03,531 - INFO - sqlalchemy.engine.Engine - SELECT artists.vinyl_id AS artists_vinyl_id, artists.id AS artists_id, artists.name AS artists_name, artists.role AS artists_role, artists.position AS artists_position 
FROM artists 
WHERE artists.vinyl_id IN (?, ?)
2026-02-27 20:57:03,532 - INFO - sqlalchemy.engine.Engine - [cached since 18.37s ago] (5, 8)
2026-02-27 20:57:03,537 - INFO - sqlalchemy.engine.Engine - ROLLBACK
2026-02-27 20:57:03,644 - INFO - aiogram.event - Update id=641781981 is handled. Duration 250 ms by bot id=8521577266
2026-02-27 20:57:04,691 - INFO - sqlalchemy.engine.Engine - BEGIN (implicit)
2026-02-27 20:57:04,692 - INFO - sqlalchemy.engine.Engine - SELECT users.id, users.telegram_id, users.username, users.first_name, users.last_name, users.language_code, users.is_active, users.created_at 
FROM users 
WHERE users.telegram_id = ?
2026-02-27 20:57:04,694 - INFO - sqlalchemy.engine.Engine - [cached since 50.18s ago] (7917277814,)
2026-02-27 20:57:04,697 - INFO - sqlalchemy.engine.Engine - COMMIT
2026-02-27 20:57:04,700 - INFO - sqlalchemy.engine.Engine - BEGIN (implicit)
2026-02-27 20:57:04,702 - INFO - sqlalchemy.engine.Engine - SELECT users.id, users.telegram_id, users.username, users.first_name, users.last_name, users.language_code, users.is_active, users.created_at 
FROM users 
WHERE users.id = ?
2026-02-27 20:57:04,704 - INFO - sqlalchemy.engine.Engine - [cached since 50.17s ago] (2,)
2026-02-27 20:57:04,708 - INFO - sqlalchemy.engine.Engine - ROLLBACK
2026-02-27 20:57:04,843 - INFO - aiogram.event - Update id=641781982 is handled. Duration 155 ms by bot id=8521577266
2026-02-27 20:57:05,573 - INFO - sqlalchemy.engine.Engine - BEGIN (implicit)
2026-02-27 20:57:05,574 - INFO - sqlalchemy.engine.Engine - SELECT users.id, users.telegram_id, users.username, users.first_name, users.last_name, users.language_code, users.is_active, users.created_at 
FROM users 
WHERE users.telegram_id = ?
2026-02-27 20:57:05,576 - INFO - sqlalchemy.engine.Engine - [cached since 51.07s ago] (7917277814,)
2026-02-27 20:57:05,580 - INFO - sqlalchemy.engine.Engine - COMMIT
2026-02-27 20:57:05,582 - INFO - sqlalchemy.engine.Engine - BEGIN (implicit)
2026-02-27 20:57:05,584 - INFO - sqlalchemy.engine.Engine - SELECT users.id, users.telegram_id, users.username, users.first_name, users.last_name, users.language_code, users.is_active, users.created_at 
FROM users 
WHERE users.id = ?
2026-02-27 20:57:05,585 - INFO - sqlalchemy.engine.Engine - [cached since 51.06s ago] (2,)
2026-02-27 20:57:05,589 - INFO - sqlalchemy.engine.Engine - ROLLBACK
2026-02-27 20:57:05,620 - INFO - sqlalchemy.engine.Engine - BEGIN (implicit)
2026-02-27 20:57:05,622 - INFO - sqlalchemy.engine.Engine - SELECT count(vinyls.id) AS count_1 
FROM vinyls 
WHERE vinyls.user_id = ?
2026-02-27 20:57:05,624 - INFO - sqlalchemy.engine.Engine - [cached since 20.53s ago] (7917277814,)
2026-02-27 20:57:05,628 - INFO - sqlalchemy.engine.Engine - SELECT count(distinct(artists.name)) AS count_1 
FROM artists JOIN vinyls ON vinyls.id = artists.vinyl_id 
WHERE vinyls.user_id = ?
2026-02-27 20:57:05,629 - INFO - sqlalchemy.engine.Engine - [cached since 20.52s ago] (7917277814,)
2026-02-27 20:57:05,636 - INFO - sqlalchemy.engine.Engine - SELECT count(distinct(vinyls.country)) AS count_1 
FROM vinyls 
WHERE vinyls.user_id = ? AND vinyls.country IS NOT NULL
2026-02-27 20:57:05,637 - INFO - sqlalchemy.engine.Engine - [cached since 20.52s ago] (7917277814,)
2026-02-27 20:57:05,642 - INFO - sqlalchemy.engine.Engine - SELECT min(vinyls.year) AS min_1, max(vinyls.year) AS max_1, avg(vinyls.year) AS avg_1 
FROM vinyls 
WHERE vinyls.user_id = ? AND vinyls.year IS NOT NULL AND vinyls.year > ?
2026-02-27 20:57:05,643 - INFO - sqlalchemy.engine.Engine - [cached since 20.51s ago] (7917277814, 0)
2026-02-27 20:57:05,648 - INFO - sqlalchemy.engine.Engine - SELECT artists.name, count(vinyls.id) AS count_1 
FROM artists JOIN vinyls ON vinyls.id = artists.vinyl_id 
WHERE vinyls.user_id = ? GROUP BY artists.name ORDER BY count(vinyls.id) DESC
 LIMIT ? OFFSET ?
2026-02-27 20:57:05,649 - INFO - sqlalchemy.engine.Engine - [cached since 20.51s ago] (7917277814, 5, 0)
2026-02-27 20:57:05,655 - INFO - sqlalchemy.engine.Engine - SELECT vinyls.country, count(vinyls.id) AS count_1 
FROM vinyls 
WHERE vinyls.user_id = ? AND vinyls.country IS NOT NULL GROUP BY vinyls.country ORDER BY count(vinyls.id) DESC
 LIMIT ? OFFSET ?
2026-02-27 20:57:05,656 - INFO - sqlalchemy.engine.Engine - [cached since 20.51s ago] (7917277814, 5, 0)
2026-02-27 20:57:05,661 - INFO - sqlalchemy.engine.Engine - SELECT vinyls.id, vinyls.user_id, vinyls.discogs_id, vinyls.title, vinyls.year, vinyls.released, vinyls.country, vinyls.catno, vinyls.notes, vinyls.lowest_price, vinyls.num_for_sale, vinyls.rating_average, vinyls.rating_count, vinyls.have_count, vinyls.want_count, vinyls.genres, vinyls.styles, vinyls.cover_image, vinyls.created_at 
FROM vinyls 
WHERE vinyls.user_id = ? AND vinyls.rating_average IS NOT NULL ORDER BY vinyls.rating_average DESC
 LIMIT ? OFFSET ?
2026-02-27 20:57:05,663 - INFO - sqlalchemy.engine.Engine - [cached since 20.51s ago] (7917277814, 5, 0)
2026-02-27 20:57:05,669 - INFO - sqlalchemy.engine.Engine - SELECT artists.vinyl_id AS artists_vinyl_id, artists.id AS artists_id, artists.name AS artists_name, artists.role AS artists_role, artists.position AS artists_position 
FROM artists 
WHERE artists.vinyl_id IN (?, ?)
2026-02-27 20:57:05,671 - INFO - sqlalchemy.engine.Engine - [cached since 20.5s ago] (5, 8)
2026-02-27 20:57:05,677 - INFO - sqlalchemy.engine.Engine - SELECT vinyls.id, vinyls.user_id, vinyls.discogs_id, vinyls.title, vinyls.year, vinyls.released, vinyls.country, vinyls.catno, vinyls.notes, vinyls.lowest_price, vinyls.num_for_sale, vinyls.rating_average, vinyls.rating_count, vinyls.have_count, vinyls.want_count, vinyls.genres, vinyls.styles, vinyls.cover_image, vinyls.created_at 
FROM vinyls 
WHERE vinyls.user_id = ? AND vinyls.have_count IS NOT NULL AND vinyls.have_count > ? ORDER BY vinyls.have_count ASC
 LIMIT ? OFFSET ?
2026-02-27 20:57:05,679 - INFO - sqlalchemy.engine.Engine - [cached since 20.5s ago] (7917277814, 0, 5, 0)
2026-02-27 20:57:05,686 - INFO - sqlalchemy.engine.Engine - SELECT artists.vinyl_id AS artists_vinyl_id, artists.id AS artists_id, artists.name AS artists_name, artists.role AS artists_role, artists.position AS artists_position 
FROM artists 
WHERE artists.vinyl_id IN (?, ?)
2026-02-27 20:57:05,688 - INFO - sqlalchemy.engine.Engine - [cached since 20.52s ago] (5, 8)
2026-02-27 20:57:05,692 - INFO - sqlalchemy.engine.Engine - SELECT vinyls.id, vinyls.user_id, vinyls.discogs_id, vinyls.title, vinyls.year, vinyls.released, vinyls.country, vinyls.catno, vinyls.notes, vinyls.lowest_price, vinyls.num_for_sale, vinyls.rating_average, vinyls.rating_count, vinyls.have_count, vinyls.want_count, vinyls.genres, vinyls.styles, vinyls.cover_image, vinyls.created_at 
FROM vinyls 
WHERE vinyls.user_id = ? AND vinyls.lowest_price IS NOT NULL ORDER BY vinyls.lowest_price DESC
 LIMIT ? OFFSET ?
2026-02-27 20:57:05,694 - INFO - sqlalchemy.engine.Engine - [cached since 20.5s ago] (7917277814, 5, 0)
2026-02-27 20:57:05,699 - INFO - sqlalchemy.engine.Engine - SELECT artists.vinyl_id AS artists_vinyl_id, artists.id AS artists_id, artists.name AS artists_name, artists.role AS artists_role, artists.position AS artists_position 
FROM artists 
WHERE artists.vinyl_id IN (?, ?)
2026-02-27 20:57:05,701 - INFO - sqlalchemy.engine.Engine - [cached since 20.53s ago] (5, 8)
2026-02-27 20:57:05,706 - INFO - sqlalchemy.engine.Engine - SELECT vinyls.id, vinyls.user_id, vinyls.discogs_id, vinyls.title, vinyls.year, vinyls.released, vinyls.country, vinyls.catno, vinyls.notes, vinyls.lowest_price, vinyls.num_for_sale, vinyls.rating_average, vinyls.rating_count, vinyls.have_count, vinyls.want_count, vinyls.genres, vinyls.styles, vinyls.cover_image, vinyls.created_at 
FROM vinyls 
WHERE vinyls.user_id = ?
2026-02-27 20:57:05,708 - INFO - sqlalchemy.engine.Engine - [cached since 20.5s ago] (7917277814,)
2026-02-27 20:57:05,712 - INFO - sqlalchemy.engine.Engine - SELECT artists.vinyl_id AS artists_vinyl_id, artists.id AS artists_id, artists.name AS artists_name, artists.role AS artists_role, artists.position AS artists_position 
FROM artists 
WHERE artists.vinyl_id IN (?, ?)
2026-02-27 20:57:05,714 - INFO - sqlalchemy.engine.Engine - [cached since 20.55s ago] (5, 8)
2026-02-27 20:57:05,719 - INFO - sqlalchemy.engine.Engine - ROLLBACK
2026-02-27 20:57:05,815 - INFO - aiogram.event - Update id=641781983 is handled. Duration 250 ms by bot id=8521577266
2026-02-27 20:57:06,639 - INFO - sqlalchemy.engine.Engine - BEGIN (implicit)
2026-02-27 20:57:06,640 - INFO - sqlalchemy.engine.Engine - SELECT users.id, users.telegram_id, users.username, users.first_name, users.last_name, users.language_code, users.is_active, users.created_at 
FROM users 
WHERE users.telegram_id = ?
2026-02-27 20:57:06,641 - INFO - sqlalchemy.engine.Engine - [cached since 52.13s ago] (7917277814,)
2026-02-27 20:57:06,645 - INFO - sqlalchemy.engine.Engine - COMMIT
2026-02-27 20:57:06,647 - INFO - sqlalchemy.engine.Engine - BEGIN (implicit)
2026-02-27 20:57:06,649 - INFO - sqlalchemy.engine.Engine - SELECT users.id, users.telegram_id, users.username, users.first_name, users.last_name, users.language_code, users.is_active, users.created_at 
FROM users 
WHERE users.id = ?
2026-02-27 20:57:06,651 - INFO - sqlalchemy.engine.Engine - [cached since 52.12s ago] (2,)
2026-02-27 20:57:06,655 - INFO - sqlalchemy.engine.Engine - ROLLBACK
2026-02-27 20:57:06,787 - INFO - aiogram.event - Update id=641781984 is handled. Duration 140 ms by bot id=8521577266
2026-02-27 20:57:07,337 - INFO - sqlalchemy.engine.Engine - BEGIN (implicit)
2026-02-27 20:57:07,339 - INFO - sqlalchemy.engine.Engine - SELECT users.id, users.telegram_id, users.username, users.first_name, users.last_name, users.language_code, users.is_active, users.created_at 
FROM users 
WHERE users.telegram_id = ?
2026-02-27 20:57:07,340 - INFO - sqlalchemy.engine.Engine - [cached since 52.83s ago] (7917277814,)
2026-02-27 20:57:07,344 - INFO - sqlalchemy.engine.Engine - COMMIT
2026-02-27 20:57:07,347 - INFO - sqlalchemy.engine.Engine - BEGIN (implicit)
2026-02-27 20:57:07,349 - INFO - sqlalchemy.engine.Engine - SELECT users.id, users.telegram_id, users.username, users.first_name, users.last_name, users.language_code, users.is_active, users.created_at 
FROM users 
WHERE users.id = ?
2026-02-27 20:57:07,350 - INFO - sqlalchemy.engine.Engine - [cached since 52.82s ago] (2,)
2026-02-27 20:57:07,354 - INFO - sqlalchemy.engine.Engine - ROLLBACK
2026-02-27 20:57:07,381 - INFO - sqlalchemy.engine.Engine - BEGIN (implicit)
2026-02-27 20:57:07,383 - INFO - sqlalchemy.engine.Engine - SELECT users.id, users.telegram_id, users.username, users.first_name, users.last_name, users.language_code, users.is_active, users.created_at 
FROM users 
WHERE users.telegram_id = ?
2026-02-27 20:57:07,384 - INFO - sqlalchemy.engine.Engine - [cached since 52.87s ago] (7917277814,)
2026-02-27 20:57:07,391 - INFO - sqlalchemy.engine.Engine - SELECT count(vinyls.id) AS count_1 
FROM vinyls 
WHERE vinyls.user_id = ?
2026-02-27 20:57:07,393 - INFO - sqlalchemy.engine.Engine - [cached since 22.3s ago] (7917277814,)
2026-02-27 20:57:07,400 - INFO - sqlalchemy.engine.Engine - SELECT count(vinyls.id) AS count_1 
FROM vinyls 
WHERE vinyls.user_id = ? AND vinyls.created_at >= ?
2026-02-27 20:57:07,402 - INFO - sqlalchemy.engine.Engine - [generated in 0.00158s] (7917277814, '2026-01-28 19:57:07.390596')
2026-02-27 20:57:07,405 - INFO - sqlalchemy.engine.Engine - ROLLBACK
2026-02-27 20:57:07,487 - INFO - aiogram.event - Update id=641781985 is handled. Duration 155 ms by bot id=8521577266
2026-02-27 20:57:08,488 - INFO - sqlalchemy.engine.Engine - BEGIN (implicit)
2026-02-27 20:57:08,490 - INFO - sqlalchemy.engine.Engine - SELECT users.id, users.telegram_id, users.username, users.first_name, users.last_name, users.language_code, users.is_active, users.created_at 
FROM users 
WHERE users.telegram_id = ?
2026-02-27 20:57:08,491 - INFO - sqlalchemy.engine.Engine - [cached since 53.98s ago] (7917277814,)
2026-02-27 20:57:08,495 - INFO - sqlalchemy.engine.Engine - COMMIT
2026-02-27 20:57:08,499 - INFO - sqlalchemy.engine.Engine - BEGIN (implicit)
2026-02-27 20:57:08,500 - INFO - sqlalchemy.engine.Engine - SELECT users.id, users.telegram_id, users.username, users.first_name, users.last_name, users.language_code, users.is_active, users.created_at 
FROM users 
WHERE users.id = ?
2026-02-27 20:57:08,501 - INFO - sqlalchemy.engine.Engine - [cached since 53.97s ago] (2,)
2026-02-27 20:57:08,504 - INFO - sqlalchemy.engine.Engine - ROLLBACK
2026-02-27 20:57:08,787 - INFO - aiogram.event - Update id=641781986 is handled. Duration 296 ms by bot id=8521577266
2026-02-27 20:57:09,483 - INFO - sqlalchemy.engine.Engine - BEGIN (implicit)
2026-02-27 20:57:09,485 - INFO - sqlalchemy.engine.Engine - SELECT count(users.id) AS count_1 
FROM users
2026-02-27 20:57:09,486 - INFO - sqlalchemy.engine.Engine - [cached since 68.81s ago] ()
2026-02-27 20:57:09,491 - INFO - sqlalchemy.engine.Engine - SELECT count(vinyls.id) AS count_1 
FROM vinyls
2026-02-27 20:57:09,492 - INFO - sqlalchemy.engine.Engine - [cached since 68.81s ago] ()
2026-02-27 20:57:09,496 - INFO - sqlalchemy.engine.Engine - SELECT users.id, users.telegram_id, users.username, users.first_name, users.last_name, users.language_code, users.is_active, users.created_at 
FROM users ORDER BY users.created_at DESC
 LIMIT ? OFFSET ?
2026-02-27 20:57:09,498 - INFO - sqlalchemy.engine.Engine - [cached since 68.8s ago] (5, 0)
2026-02-27 20:57:09,503 - INFO - sqlalchemy.engine.Engine - ROLLBACK
2026-02-27 20:57:09,506 - INFO - sqlalchemy.engine.Engine - BEGIN (implicit)
2026-02-27 20:57:09,508 - INFO - sqlalchemy.engine.Engine - SELECT date(users.created_at) AS date_1, count(users.id) AS count_1 
FROM users 
WHERE users.created_at >= ? GROUP BY date(users.created_at)
2026-02-27 20:57:09,509 - INFO - sqlalchemy.engine.Engine - [cached since 68.8s ago] ('2026-02-20 20:57:09.505295',)
2026-02-27 20:57:09,514 - INFO - sqlalchemy.engine.Engine - SELECT date(vinyls.created_at) AS date_1, count(vinyls.id) AS count_1 
FROM vinyls 
WHERE vinyls.created_at >= ? GROUP BY date(vinyls.created_at)
2026-02-27 20:57:09,517 - INFO - sqlalchemy.engine.Engine - [cached since 68.79s ago] ('2026-02-20 20:57:09.505295',)
2026-02-27 20:57:09,533 - INFO - sqlalchemy.engine.Engine - ROLLBACK
2026-02-27 20:57:15,230 - INFO - sqlalchemy.engine.Engine - BEGIN (implicit)
2026-02-27 20:57:15,231 - INFO - sqlalchemy.engine.Engine - SELECT users.id, users.telegram_id, users.username, users.first_name, users.last_name, users.language_code, users.is_active, users.created_at 
FROM users 
WHERE users.telegram_id = ?
2026-02-27 20:57:15,233 - INFO - sqlalchemy.engine.Engine - [cached since 60.72s ago] (7917277814,)
2026-02-27 20:57:15,237 - INFO - sqlalchemy.engine.Engine - COMMIT
2026-02-27 20:57:15,240 - INFO - sqlalchemy.engine.Engine - BEGIN (implicit)
2026-02-27 20:57:15,241 - INFO - sqlalchemy.engine.Engine - SELECT users.id, users.telegram_id, users.username, users.first_name, users.last_name, users.language_code, users.is_active, users.created_at 
FROM users 
WHERE users.id = ?
2026-02-27 20:57:15,243 - INFO - sqlalchemy.engine.Engine - [cached since 60.71s ago] (2,)
2026-02-27 20:57:15,246 - INFO - sqlalchemy.engine.Engine - ROLLBACK
2026-02-27 20:57:15,256 - INFO - sqlalchemy.engine.Engine - BEGIN (implicit)
2026-02-27 20:57:15,258 - INFO - sqlalchemy.engine.Engine - SELECT vinyls.id, vinyls.user_id, vinyls.discogs_id, vinyls.title, vinyls.year, vinyls.released, vinyls.country, vinyls.catno, vinyls.notes, vinyls.lowest_price, vinyls.num_for_sale, vinyls.rating_average, vinyls.rating_count, vinyls.have_count, vinyls.want_count, vinyls.genres, vinyls.styles, vinyls.cover_image, vinyls.created_at 
FROM vinyls 
WHERE vinyls.user_id = ? ORDER BY vinyls.id DESC
 LIMIT ? OFFSET ?
2026-02-27 20:57:15,260 - INFO - sqlalchemy.engine.Engine - [cached since 60.71s ago] (7917277814, 5, 0)
2026-02-27 20:57:15,266 - INFO - sqlalchemy.engine.Engine - SELECT tracks.vinyl_id AS tracks_vinyl_id, tracks.id AS tracks_id, tracks.position AS tracks_position, tracks.title AS tracks_title, tracks.duration AS tracks_duration 
FROM tracks 
WHERE tracks.vinyl_id IN (?, ?)
2026-02-27 20:57:15,268 - INFO - sqlalchemy.engine.Engine - [cached since 60.7s ago] (8, 5)
2026-02-27 20:57:15,274 - INFO - sqlalchemy.engine.Engine - SELECT formats.vinyl_id AS formats_vinyl_id, formats.id AS formats_id, formats.name AS formats_name, formats.qty AS formats_qty, formats.descriptions AS formats_descriptions 
FROM formats 
WHERE formats.vinyl_id IN (?, ?)
2026-02-27 20:57:15,276 - INFO - sqlalchemy.engine.Engine - [cached since 60.69s ago] (8, 5)
2026-02-27 20:57:15,283 - INFO - sqlalchemy.engine.Engine - SELECT artists.vinyl_id AS artists_vinyl_id, artists.id AS artists_id, artists.name AS artists_name, artists.role AS artists_role, artists.position AS artists_position 
FROM artists 
WHERE artists.vinyl_id IN (?, ?)
2026-02-27 20:57:15,284 - INFO - sqlalchemy.engine.Engine - [cached since 60.69s ago] (8, 5)
2026-02-27 20:57:15,290 - INFO - sqlalchemy.engine.Engine - SELECT count(*) AS count_1 
FROM vinyls 
WHERE vinyls.user_id = ?
2026-02-27 20:57:15,292 - INFO - sqlalchemy.engine.Engine - [cached since 60.69s ago] (7917277814,)
2026-02-27 20:57:15,295 - INFO - sqlalchemy.engine.Engine - ROLLBACK
2026-02-27 20:57:15,403 - INFO - aiogram.event - Update id=641781987 is handled. Duration 187 ms by bot id=8521577266
2026-02-27 20:57:17,650 - INFO - sqlalchemy.engine.Engine - BEGIN (implicit)
2026-02-27 20:57:17,652 - INFO - sqlalchemy.engine.Engine - SELECT count(users.id) AS count_1 
FROM users
2026-02-27 20:57:17,652 - INFO - sqlalchemy.engine.Engine - [cached since 76.98s ago] ()
2026-02-27 20:57:17,656 - INFO - sqlalchemy.engine.Engine - SELECT count(vinyls.id) AS count_1 
FROM vinyls
2026-02-27 20:57:17,658 - INFO - sqlalchemy.engine.Engine - [cached since 76.98s ago] ()
2026-02-27 20:57:17,663 - INFO - sqlalchemy.engine.Engine - SELECT users.id, users.telegram_id, users.username, users.first_name, users.last_name, users.language_code, users.is_active, users.created_at 
FROM users ORDER BY users.created_at DESC
 LIMIT ? OFFSET ?
2026-02-27 20:57:17,664 - INFO - sqlalchemy.engine.Engine - [cached since 76.97s ago] (5, 0)
2026-02-27 20:57:17,668 - INFO - sqlalchemy.engine.Engine - ROLLBACK
2026-02-27 20:57:17,671 - INFO - sqlalchemy.engine.Engine - BEGIN (implicit)
2026-02-27 20:57:17,673 - INFO - sqlalchemy.engine.Engine - SELECT date(users.created_at) AS date_1, count(users.id) AS count_1 
FROM users 
WHERE users.created_at >= ? GROUP BY date(users.created_at)
2026-02-27 20:57:17,675 - INFO - sqlalchemy.engine.Engine - [cached since 76.96s ago] ('2026-02-20 20:57:17.670132',)
2026-02-27 20:57:17,680 - INFO - sqlalchemy.engine.Engine - SELECT date(vinyls.created_at) AS date_1, count(vinyls.id) AS count_1 
FROM vinyls 
WHERE vinyls.created_at >= ? GROUP BY date(vinyls.created_at)
2026-02-27 20:57:17,682 - INFO - sqlalchemy.engine.Engine - [cached since 76.95s ago] ('2026-02-20 20:57:17.670132',)
2026-02-27 20:57:17,697 - INFO - sqlalchemy.engine.Engine - ROLLBACK
2026-02-27 20:57:19,269 - INFO - sqlalchemy.engine.Engine - BEGIN (implicit)
2026-02-27 20:57:19,270 - INFO - sqlalchemy.engine.Engine - SELECT users.id, users.telegram_id, users.username, users.first_name, users.last_name, users.language_code, users.is_active, users.created_at 
FROM users 
WHERE users.telegram_id = ?
2026-02-27 20:57:19,271 - INFO - sqlalchemy.engine.Engine - [cached since 64.76s ago] (7917277814,)
2026-02-27 20:57:19,275 - INFO - sqlalchemy.engine.Engine - COMMIT
2026-02-27 20:57:19,278 - INFO - sqlalchemy.engine.Engine - BEGIN (implicit)
2026-02-27 20:57:19,279 - INFO - sqlalchemy.engine.Engine - SELECT users.id, users.telegram_id, users.username, users.first_name, users.last_name, users.language_code, users.is_active, users.created_at 
FROM users 
WHERE users.id = ?
2026-02-27 20:57:19,280 - INFO - sqlalchemy.engine.Engine - [cached since 64.75s ago] (2,)
2026-02-27 20:57:19,284 - INFO - sqlalchemy.engine.Engine - ROLLBACK
2026-02-27 20:57:19,297 - INFO - sqlalchemy.engine.Engine - BEGIN (implicit)
2026-02-27 20:57:19,298 - INFO - sqlalchemy.engine.Engine - SELECT vinyls.id, vinyls.user_id, vinyls.discogs_id, vinyls.title, vinyls.year, vinyls.released, vinyls.country, vinyls.catno, vinyls.notes, vinyls.lowest_price, vinyls.num_for_sale, vinyls.rating_average, vinyls.rating_count, vinyls.have_count, vinyls.want_count, vinyls.genres, vinyls.styles, vinyls.cover_image, vinyls.created_at 
FROM vinyls 
WHERE vinyls.id = ?
2026-02-27 20:57:19,300 - INFO - sqlalchemy.engine.Engine - [cached since 63.27s ago] (8,)
2026-02-27 20:57:19,306 - INFO - sqlalchemy.engine.Engine - SELECT tracks.vinyl_id AS tracks_vinyl_id, tracks.id AS tracks_id, tracks.position AS tracks_position, tracks.title AS tracks_title, tracks.duration AS tracks_duration 
FROM tracks 
WHERE tracks.vinyl_id IN (?)
2026-02-27 20:57:19,307 - INFO - sqlalchemy.engine.Engine - [cached since 63.27s ago] (8,)
2026-02-27 20:57:19,313 - INFO - sqlalchemy.engine.Engine - SELECT formats.vinyl_id AS formats_vinyl_id, formats.id AS formats_id, formats.name AS formats_name, formats.qty AS formats_qty, formats.descriptions AS formats_descriptions 
FROM formats 
WHERE formats.vinyl_id IN (?)
2026-02-27 20:57:19,314 - INFO - sqlalchemy.engine.Engine - [cached since 63.26s ago] (8,)
2026-02-27 20:57:19,318 - INFO - sqlalchemy.engine.Engine - SELECT artists.vinyl_id AS artists_vinyl_id, artists.id AS artists_id, artists.name AS artists_name, artists.role AS artists_role, artists.position AS artists_position 
FROM artists 
WHERE artists.vinyl_id IN (?)
2026-02-27 20:57:19,320 - INFO - sqlalchemy.engine.Engine - [cached since 63.26s ago] (8,)
2026-02-27 20:57:19,326 - INFO - sqlalchemy.engine.Engine - SELECT images.vinyl_id AS images_vinyl_id, images.id AS images_id, images.type AS images_type, images.uri AS images_uri, images.uri150 AS images_uri150, images.width AS images_width, images.height AS images_height 
FROM images 
WHERE images.vinyl_id IN (?)
2026-02-27 20:57:19,328 - INFO - sqlalchemy.engine.Engine - [cached since 63.25s ago] (8,)
2026-02-27 20:57:19,333 - INFO - sqlalchemy.engine.Engine - SELECT identifiers.vinyl_id AS identifiers_vinyl_id, identifiers.id AS identifiers_id, identifiers.type AS identifiers_type, identifiers.value AS identifiers_value, identifiers.description AS identifiers_description 
FROM identifiers 
WHERE identifiers.vinyl_id IN (?)
2026-02-27 20:57:19,334 - INFO - sqlalchemy.engine.Engine - [cached since 63.25s ago] (8,)
2026-02-27 20:57:19,338 - INFO - sqlalchemy.engine.Engine - ROLLBACK
2026-02-27 20:57:20,447 - INFO - aiogram.event - Update id=641781988 is handled. Duration 1172 ms by bot id=8521577266
2026-02-27 20:57:22,834 - INFO - sqlalchemy.engine.Engine - BEGIN (implicit)
2026-02-27 20:57:22,836 - INFO - sqlalchemy.engine.Engine - SELECT count(users.id) AS count_1 
FROM users
2026-02-27 20:57:22,837 - INFO - sqlalchemy.engine.Engine - [cached since 82.16s ago] ()
2026-02-27 20:57:22,841 - INFO - sqlalchemy.engine.Engine - SELECT count(vinyls.id) AS count_1 
FROM vinyls
2026-02-27 20:57:22,842 - INFO - sqlalchemy.engine.Engine - [cached since 82.16s ago] ()
2026-02-27 20:57:22,846 - INFO - sqlalchemy.engine.Engine - SELECT users.id, users.telegram_id, users.username, users.first_name, users.last_name, users.language_code, users.is_active, users.created_at 
FROM users ORDER BY users.created_at DESC
 LIMIT ? OFFSET ?
2026-02-27 20:57:22,848 - INFO - sqlalchemy.engine.Engine - [cached since 82.15s ago] (5, 0)
2026-02-27 20:57:22,851 - INFO - sqlalchemy.engine.Engine - ROLLBACK
2026-02-27 20:57:22,855 - INFO - sqlalchemy.engine.Engine - BEGIN (implicit)
2026-02-27 20:57:22,857 - INFO - sqlalchemy.engine.Engine - SELECT date(users.created_at) AS date_1, count(users.id) AS count_1 
FROM users 
WHERE users.created_at >= ? GROUP BY date(users.created_at)
2026-02-27 20:57:22,859 - INFO - sqlalchemy.engine.Engine - [cached since 82.14s ago] ('2026-02-20 20:57:22.854131',)
2026-02-27 20:57:22,863 - INFO - sqlalchemy.engine.Engine - SELECT date(vinyls.created_at) AS date_1, count(vinyls.id) AS count_1 
FROM vinyls 
WHERE vinyls.created_at >= ? GROUP BY date(vinyls.created_at)
2026-02-27 20:57:22,865 - INFO - sqlalchemy.engine.Engine - [cached since 82.14s ago] ('2026-02-20 20:57:22.854131',)
2026-02-27 20:57:22,880 - INFO - sqlalchemy.engine.Engine - ROLLBACK
2026-02-27 21:10:55,383 - INFO - sqlalchemy.engine.Engine - BEGIN (implicit)
2026-02-27 21:10:55,389 - INFO - sqlalchemy.engine.Engine - PRAGMA main.table_info("users")
2026-02-27 21:10:55,391 - INFO - sqlalchemy.engine.Engine - [raw sql] ()
2026-02-27 21:10:55,404 - INFO - sqlalchemy.engine.Engine - PRAGMA main.table_info("vinyls")
2026-02-27 21:10:55,409 - INFO - sqlalchemy.engine.Engine - [raw sql] ()
2026-02-27 21:10:55,414 - INFO - sqlalchemy.engine.Engine - PRAGMA main.table_info("tracks")
2026-02-27 21:10:55,415 - INFO - sqlalchemy.engine.Engine - [raw sql] ()
2026-02-27 21:10:55,427 - INFO - sqlalchemy.engine.Engine - PRAGMA main.table_info("artists")
2026-02-27 21:10:55,428 - INFO - sqlalchemy.engine.Engine - [raw sql] ()
2026-02-27 21:10:55,433 - INFO - sqlalchemy.engine.Engine - PRAGMA main.table_info("formats")
2026-02-27 21:10:55,438 - INFO - sqlalchemy.engine.Engine - [raw sql] ()
2026-02-27 21:10:55,443 - INFO - sqlalchemy.engine.Engine - PRAGMA main.table_info("images")
2026-02-27 21:10:55,445 - INFO - sqlalchemy.engine.Engine - [raw sql] ()
2026-02-27 21:10:55,450 - INFO - sqlalchemy.engine.Engine - PRAGMA main.table_info("identifiers")
2026-02-27 21:10:55,455 - INFO - sqlalchemy.engine.Engine - [raw sql] ()
2026-02-27 21:10:55,461 - INFO - sqlalchemy.engine.Engine - COMMIT
2026-02-27 21:10:55,510 - INFO - aiogram.dispatcher - Start polling
2026-02-27 21:10:55,876 - INFO - aiogram.dispatcher - Run polling for bot @Veny_Records_Bot id=8521577266 - '@Vinyl_Records_Bot'
2026-02-27 21:12:00,367 - INFO - sqlalchemy.engine.Engine - BEGIN (implicit)
2026-02-27 21:12:00,428 - INFO - sqlalchemy.engine.Engine - SELECT count(users.id) AS count_1 
FROM users
2026-02-27 21:12:00,429 - INFO - sqlalchemy.engine.Engine - [generated in 0.00183s] ()
2026-02-27 21:12:00,452 - INFO - sqlalchemy.engine.Engine - SELECT count(vinyls.id) AS count_1 
FROM vinyls
2026-02-27 21:12:00,453 - INFO - sqlalchemy.engine.Engine - [generated in 0.00114s] ()
2026-02-27 21:12:00,463 - INFO - sqlalchemy.engine.Engine - SELECT users.id, users.telegram_id, users.username, users.first_name, users.last_name, users.language_code, users.is_active, users.created_at 
FROM users ORDER BY users.created_at DESC
 LIMIT ? OFFSET ?
2026-02-27 21:12:00,465 - INFO - sqlalchemy.engine.Engine - [generated in 0.00302s] (5, 0)
2026-02-27 21:12:00,509 - INFO - sqlalchemy.engine.Engine - ROLLBACK
2026-02-27 21:12:00,552 - INFO - sqlalchemy.engine.Engine - BEGIN (implicit)
2026-02-27 21:12:00,565 - INFO - sqlalchemy.engine.Engine - SELECT strftime(?, users.created_at) AS strftime_1, count(users.id) AS count_1 
FROM users GROUP BY strftime(?, users.created_at)
2026-02-27 21:12:00,567 - INFO - sqlalchemy.engine.Engine - [generated in 0.00167s] ('%Y-%m', '%Y-%m')
2026-02-27 21:12:00,584 - INFO - sqlalchemy.engine.Engine - SELECT strftime(?, vinyls.created_at) AS strftime_1, count(vinyls.id) AS count_1 
FROM vinyls GROUP BY strftime(?, vinyls.created_at)
2026-02-27 21:12:00,589 - INFO - sqlalchemy.engine.Engine - [generated in 0.00574s] ('%Y-%m', '%Y-%m')
2026-02-27 21:12:00,598 - INFO - sqlalchemy.engine.Engine - ROLLBACK
2026-02-27 21:12:11,113 - INFO - sqlalchemy.engine.Engine - BEGIN (implicit)
2026-02-27 21:12:11,114 - INFO - sqlalchemy.engine.Engine - SELECT count(users.id) AS count_1 
FROM users
2026-02-27 21:12:11,116 - INFO - sqlalchemy.engine.Engine - [cached since 10.69s ago] ()
2026-02-27 21:12:11,122 - INFO - sqlalchemy.engine.Engine - SELECT count(vinyls.id) AS count_1 
FROM vinyls
2026-02-27 21:12:11,124 - INFO - sqlalchemy.engine.Engine - [cached since 10.67s ago] ()
2026-02-27 21:12:11,130 - INFO - sqlalchemy.engine.Engine - SELECT users.id, users.telegram_id, users.username, users.first_name, users.last_name, users.language_code, users.is_active, users.created_at 
FROM users ORDER BY users.created_at DESC
 LIMIT ? OFFSET ?
2026-02-27 21:12:11,133 - INFO - sqlalchemy.engine.Engine - [cached since 10.67s ago] (5, 0)
2026-02-27 21:12:11,142 - INFO - sqlalchemy.engine.Engine - ROLLBACK
2026-02-27 21:12:11,146 - INFO - sqlalchemy.engine.Engine - BEGIN (implicit)
2026-02-27 21:12:11,150 - INFO - sqlalchemy.engine.Engine - SELECT date(users.created_at) AS date_1, count(users.id) AS count_1 
FROM users 
WHERE users.created_at >= ? GROUP BY date(users.created_at)
2026-02-27 21:12:11,152 - INFO - sqlalchemy.engine.Engine - [generated in 0.00205s] ('2026-02-20 21:12:11.145300',)
2026-02-27 21:12:11,167 - INFO - sqlalchemy.engine.Engine - SELECT date(vinyls.created_at) AS date_1, count(vinyls.id) AS count_1 
FROM vinyls 
WHERE vinyls.created_at >= ? GROUP BY date(vinyls.created_at)
2026-02-27 21:12:11,169 - INFO - sqlalchemy.engine.Engine - [generated in 0.00189s] ('2026-02-20 21:12:11.145300',)
2026-02-27 21:12:11,177 - INFO - sqlalchemy.engine.Engine - ROLLBACK
2026-02-27 21:14:00,322 - INFO - sqlalchemy.engine.Engine - BEGIN (implicit)
2026-02-27 21:14:00,324 - INFO - sqlalchemy.engine.Engine - SELECT users.id, users.telegram_id, users.username, users.first_name, users.last_name, users.language_code, users.is_active, users.created_at 
FROM users 
WHERE users.telegram_id = ?
2026-02-27 21:14:00,326 - INFO - sqlalchemy.engine.Engine - [generated in 0.00150s] (853723374,)
2026-02-27 21:14:00,338 - INFO - sqlalchemy.engine.Engine - COMMIT
2026-02-27 21:14:00,341 - INFO - sqlalchemy.engine.Engine - BEGIN (implicit)
2026-02-27 21:14:00,343 - INFO - sqlalchemy.engine.Engine - SELECT users.id, users.telegram_id, users.username, users.first_name, users.last_name, users.language_code, users.is_active, users.created_at 
FROM users 
WHERE users.id = ?
2026-02-27 21:14:00,345 - INFO - sqlalchemy.engine.Engine - [generated in 0.00183s] (1,)
2026-02-27 21:14:00,350 - INFO - sqlalchemy.engine.Engine - ROLLBACK
2026-02-27 21:14:00,372 - INFO - sqlalchemy.engine.Engine - BEGIN (implicit)
2026-02-27 21:14:00,373 - INFO - sqlalchemy.engine.Engine - SELECT users.id, users.telegram_id, users.username, users.first_name, users.last_name, users.language_code, users.is_active, users.created_at 
FROM users 
WHERE users.telegram_id = ?
2026-02-27 21:14:00,375 - INFO - sqlalchemy.engine.Engine - [cached since 0.05043s ago] (853723374,)
2026-02-27 21:14:00,384 - INFO - sqlalchemy.engine.Engine - SELECT count(vinyls.id) AS count_1 
FROM vinyls 
WHERE vinyls.user_id = ?
2026-02-27 21:14:00,386 - INFO - sqlalchemy.engine.Engine - [generated in 0.00142s] (853723374,)
2026-02-27 21:14:00,391 - INFO - sqlalchemy.engine.Engine - SELECT count(vinyls.id) AS count_1 
FROM vinyls 
WHERE vinyls.user_id = ? AND vinyls.created_at >= ?
2026-02-27 21:14:00,392 - INFO - sqlalchemy.engine.Engine - [generated in 0.00137s] (853723374, '2026-01-28 20:14:00.382643')
2026-02-27 21:14:00,398 - INFO - sqlalchemy.engine.Engine - ROLLBACK
2026-02-27 21:14:00,566 - INFO - aiogram.event - Update id=641781989 is handled. Duration 250 ms by bot id=8521577266
2026-02-27 21:14:03,512 - INFO - sqlalchemy.engine.Engine - BEGIN (implicit)
2026-02-27 21:14:03,513 - INFO - sqlalchemy.engine.Engine - SELECT users.id, users.telegram_id, users.username, users.first_name, users.last_name, users.language_code, users.is_active, users.created_at 
FROM users 
WHERE users.telegram_id = ?
2026-02-27 21:14:03,515 - INFO - sqlalchemy.engine.Engine - [cached since 3.19s ago] (853723374,)
2026-02-27 21:14:03,520 - INFO - sqlalchemy.engine.Engine - COMMIT
2026-02-27 21:14:03,523 - INFO - sqlalchemy.engine.Engine - BEGIN (implicit)
2026-02-27 21:14:03,524 - INFO - sqlalchemy.engine.Engine - SELECT users.id, users.telegram_id, users.username, users.first_name, users.last_name, users.language_code, users.is_active, users.created_at 
FROM users 
WHERE users.id = ?
2026-02-27 21:14:03,526 - INFO - sqlalchemy.engine.Engine - [cached since 3.181s ago] (1,)
2026-02-27 21:14:03,530 - INFO - sqlalchemy.engine.Engine - ROLLBACK
2026-02-27 21:14:03,549 - INFO - sqlalchemy.engine.Engine - BEGIN (implicit)
2026-02-27 21:14:03,556 - INFO - sqlalchemy.engine.Engine - SELECT vinyls.id, vinyls.user_id, vinyls.discogs_id, vinyls.title, vinyls.year, vinyls.released, vinyls.country, vinyls.catno, vinyls.notes, vinyls.lowest_price, vinyls.num_for_sale, vinyls.rating_average, vinyls.rating_count, vinyls.have_count, vinyls.want_count, vinyls.genres, vinyls.styles, vinyls.cover_image, vinyls.created_at 
FROM vinyls 
WHERE vinyls.user_id = ? ORDER BY vinyls.id DESC
 LIMIT ? OFFSET ?
2026-02-27 21:14:03,559 - INFO - sqlalchemy.engine.Engine - [generated in 0.00236s] (853723374, 5, 0)
2026-02-27 21:14:03,574 - INFO - sqlalchemy.engine.Engine - SELECT tracks.vinyl_id AS tracks_vinyl_id, tracks.id AS tracks_id, tracks.position AS tracks_position, tracks.title AS tracks_title, tracks.duration AS tracks_duration 
FROM tracks 
WHERE tracks.vinyl_id IN (?, ?, ?, ?)
2026-02-27 21:14:03,575 - INFO - sqlalchemy.engine.Engine - [generated in 0.00192s] (7, 6, 3, 1)
2026-02-27 21:14:03,587 - INFO - sqlalchemy.engine.Engine - SELECT formats.vinyl_id AS formats_vinyl_id, formats.id AS formats_id, formats.name AS formats_name, formats.qty AS formats_qty, formats.descriptions AS formats_descriptions 
FROM formats 
WHERE formats.vinyl_id IN (?, ?, ?, ?)
2026-02-27 21:14:03,588 - INFO - sqlalchemy.engine.Engine - [generated in 0.00161s] (7, 6, 3, 1)
2026-02-27 21:14:03,597 - INFO - sqlalchemy.engine.Engine - SELECT artists.vinyl_id AS artists_vinyl_id, artists.id AS artists_id, artists.name AS artists_name, artists.role AS artists_role, artists.position AS artists_position 
FROM artists 
WHERE artists.vinyl_id IN (?, ?, ?, ?)
2026-02-27 21:14:03,598 - INFO - sqlalchemy.engine.Engine - [generated in 0.00177s] (7, 6, 3, 1)
2026-02-27 21:14:03,604 - INFO - sqlalchemy.engine.Engine - SELECT count(*) AS count_1 
FROM vinyls 
WHERE vinyls.user_id = ?
2026-02-27 21:14:03,605 - INFO - sqlalchemy.engine.Engine - [generated in 0.00113s] (853723374,)
2026-02-27 21:14:03,608 - INFO - sqlalchemy.engine.Engine - ROLLBACK
2026-02-27 21:14:03,698 - INFO - aiogram.event - Update id=641781990 is handled. Duration 203 ms by bot id=8521577266
2026-02-27 21:14:04,875 - INFO - sqlalchemy.engine.Engine - BEGIN (implicit)
2026-02-27 21:14:04,877 - INFO - sqlalchemy.engine.Engine - SELECT users.id, users.telegram_id, users.username, users.first_name, users.last_name, users.language_code, users.is_active, users.created_at 
FROM users 
WHERE users.telegram_id = ?
2026-02-27 21:14:04,879 - INFO - sqlalchemy.engine.Engine - [cached since 4.554s ago] (853723374,)
2026-02-27 21:14:04,882 - INFO - sqlalchemy.engine.Engine - COMMIT
2026-02-27 21:14:04,884 - INFO - sqlalchemy.engine.Engine - BEGIN (implicit)
2026-02-27 21:14:04,885 - INFO - sqlalchemy.engine.Engine - SELECT users.id, users.telegram_id, users.username, users.first_name, users.last_name, users.language_code, users.is_active, users.created_at 
FROM users 
WHERE users.id = ?
2026-02-27 21:14:04,887 - INFO - sqlalchemy.engine.Engine - [cached since 4.543s ago] (1,)
2026-02-27 21:14:04,890 - INFO - sqlalchemy.engine.Engine - ROLLBACK
2026-02-27 21:14:04,910 - INFO - sqlalchemy.engine.Engine - BEGIN (implicit)
2026-02-27 21:14:04,915 - INFO - sqlalchemy.engine.Engine - SELECT vinyls.id, vinyls.user_id, vinyls.discogs_id, vinyls.title, vinyls.year, vinyls.released, vinyls.country, vinyls.catno, vinyls.notes, vinyls.lowest_price, vinyls.num_for_sale, vinyls.rating_average, vinyls.rating_count, vinyls.have_count, vinyls.want_count, vinyls.genres, vinyls.styles, vinyls.cover_image, vinyls.created_at 
FROM vinyls 
WHERE vinyls.id = ?
2026-02-27 21:14:04,918 - INFO - sqlalchemy.engine.Engine - [generated in 0.00304s] (3,)
2026-02-27 21:14:04,929 - INFO - sqlalchemy.engine.Engine - SELECT tracks.vinyl_id AS tracks_vinyl_id, tracks.id AS tracks_id, tracks.position AS tracks_position, tracks.title AS tracks_title, tracks.duration AS tracks_duration 
FROM tracks 
WHERE tracks.vinyl_id IN (?)
2026-02-27 21:14:04,930 - INFO - sqlalchemy.engine.Engine - [generated in 0.00183s] (3,)
2026-02-27 21:14:04,938 - INFO - sqlalchemy.engine.Engine - SELECT formats.vinyl_id AS formats_vinyl_id, formats.id AS formats_id, formats.name AS formats_name, formats.qty AS formats_qty, formats.descriptions AS formats_descriptions 
FROM formats 
WHERE formats.vinyl_id IN (?)
2026-02-27 21:14:04,940 - INFO - sqlalchemy.engine.Engine - [generated in 0.00207s] (3,)
2026-02-27 21:14:04,948 - INFO - sqlalchemy.engine.Engine - SELECT artists.vinyl_id AS artists_vinyl_id, artists.id AS artists_id, artists.name AS artists_name, artists.role AS artists_role, artists.position AS artists_position 
FROM artists 
WHERE artists.vinyl_id IN (?)
2026-02-27 21:14:04,950 - INFO - sqlalchemy.engine.Engine - [generated in 0.00239s] (3,)
2026-02-27 21:14:04,957 - INFO - sqlalchemy.engine.Engine - SELECT images.vinyl_id AS images_vinyl_id, images.id AS images_id, images.type AS images_type, images.uri AS images_uri, images.uri150 AS images_uri150, images.width AS images_width, images.height AS images_height 
FROM images 
WHERE images.vinyl_id IN (?)
2026-02-27 21:14:04,958 - INFO - sqlalchemy.engine.Engine - [generated in 0.00169s] (3,)
2026-02-27 21:14:04,968 - INFO - sqlalchemy.engine.Engine - SELECT identifiers.vinyl_id AS identifiers_vinyl_id, identifiers.id AS identifiers_id, identifiers.type AS identifiers_type, identifiers.value AS identifiers_value, identifiers.description AS identifiers_description 
FROM identifiers 
WHERE identifiers.vinyl_id IN (?)
2026-02-27 21:14:04,970 - INFO - sqlalchemy.engine.Engine - [generated in 0.00195s] (3,)
2026-02-27 21:14:04,974 - INFO - sqlalchemy.engine.Engine - ROLLBACK
2026-02-27 21:14:06,176 - INFO - aiogram.event - Update id=641781991 is handled. Duration 1295 ms by bot id=8521577266
2026-02-27 21:14:08,927 - INFO - sqlalchemy.engine.Engine - BEGIN (implicit)
2026-02-27 21:14:08,928 - INFO - sqlalchemy.engine.Engine - SELECT count(users.id) AS count_1 
FROM users
2026-02-27 21:14:08,929 - INFO - sqlalchemy.engine.Engine - [cached since 128.5s ago] ()
2026-02-27 21:14:08,932 - INFO - sqlalchemy.engine.Engine - SELECT count(vinyls.id) AS count_1 
FROM vinyls
2026-02-27 21:14:08,932 - INFO - sqlalchemy.engine.Engine - [cached since 128.5s ago] ()
2026-02-27 21:14:08,937 - INFO - sqlalchemy.engine.Engine - SELECT users.id, users.telegram_id, users.username, users.first_name, users.last_name, users.language_code, users.is_active, users.created_at 
FROM users ORDER BY users.created_at DESC
 LIMIT ? OFFSET ?
2026-02-27 21:14:08,940 - INFO - sqlalchemy.engine.Engine - [cached since 128.5s ago] (5, 0)
2026-02-27 21:14:08,944 - INFO - sqlalchemy.engine.Engine - ROLLBACK
2026-02-27 21:14:08,948 - INFO - sqlalchemy.engine.Engine - BEGIN (implicit)
2026-02-27 21:14:08,950 - INFO - sqlalchemy.engine.Engine - SELECT date(users.created_at) AS date_1, count(users.id) AS count_1 
FROM users 
WHERE users.created_at >= ? GROUP BY date(users.created_at)
2026-02-27 21:14:08,952 - INFO - sqlalchemy.engine.Engine - [cached since 117.8s ago] ('2026-02-20 21:14:08.947911',)
2026-02-27 21:14:08,956 - INFO - sqlalchemy.engine.Engine - SELECT date(vinyls.created_at) AS date_1, count(vinyls.id) AS count_1 
FROM vinyls 
WHERE vinyls.created_at >= ? GROUP BY date(vinyls.created_at)
2026-02-27 21:14:08,959 - INFO - sqlalchemy.engine.Engine - [cached since 117.8s ago] ('2026-02-20 21:14:08.947911',)
2026-02-27 21:14:08,975 - INFO - sqlalchemy.engine.Engine - ROLLBACK
2026-02-27 21:14:20,508 - INFO - sqlalchemy.engine.Engine - BEGIN (implicit)
2026-02-27 21:14:20,509 - INFO - sqlalchemy.engine.Engine - SELECT users.id, users.telegram_id, users.username, users.first_name, users.last_name, users.language_code, users.is_active, users.created_at 
FROM users 
WHERE users.telegram_id = ?
2026-02-27 21:14:20,511 - INFO - sqlalchemy.engine.Engine - [cached since 20.19s ago] (853723374,)
2026-02-27 21:14:20,515 - INFO - sqlalchemy.engine.Engine - COMMIT
2026-02-27 21:14:20,518 - INFO - sqlalchemy.engine.Engine - BEGIN (implicit)
2026-02-27 21:14:20,519 - INFO - sqlalchemy.engine.Engine - SELECT users.id, users.telegram_id, users.username, users.first_name, users.last_name, users.language_code, users.is_active, users.created_at 
FROM users 
WHERE users.id = ?
2026-02-27 21:14:20,521 - INFO - sqlalchemy.engine.Engine - [cached since 20.18s ago] (1,)
2026-02-27 21:14:20,524 - INFO - sqlalchemy.engine.Engine - ROLLBACK
2026-02-27 21:14:20,535 - INFO - sqlalchemy.engine.Engine - BEGIN (implicit)
2026-02-27 21:14:20,537 - INFO - sqlalchemy.engine.Engine - SELECT vinyls.id, vinyls.user_id, vinyls.discogs_id, vinyls.title, vinyls.year, vinyls.released, vinyls.country, vinyls.catno, vinyls.notes, vinyls.lowest_price, vinyls.num_for_sale, vinyls.rating_average, vinyls.rating_count, vinyls.have_count, vinyls.want_count, vinyls.genres, vinyls.styles, vinyls.cover_image, vinyls.created_at 
FROM vinyls 
WHERE vinyls.user_id = ? ORDER BY vinyls.id DESC
 LIMIT ? OFFSET ?
2026-02-27 21:14:20,539 - INFO - sqlalchemy.engine.Engine - [cached since 16.98s ago] (853723374, 5, 0)
2026-02-27 21:14:20,545 - INFO - sqlalchemy.engine.Engine - SELECT tracks.vinyl_id AS tracks_vinyl_id, tracks.id AS tracks_id, tracks.position AS tracks_position, tracks.title AS tracks_title, tracks.duration AS tracks_duration 
FROM tracks 
WHERE tracks.vinyl_id IN (?, ?, ?, ?)
2026-02-27 21:14:20,547 - INFO - sqlalchemy.engine.Engine - [cached since 16.97s ago] (7, 6, 3, 1)
2026-02-27 21:14:20,554 - INFO - sqlalchemy.engine.Engine - SELECT formats.vinyl_id AS formats_vinyl_id, formats.id AS formats_id, formats.name AS formats_name, formats.qty AS formats_qty, formats.descriptions AS formats_descriptions 
FROM formats 
WHERE formats.vinyl_id IN (?, ?, ?, ?)
2026-02-27 21:14:20,556 - INFO - sqlalchemy.engine.Engine - [cached since 16.97s ago] (7, 6, 3, 1)
2026-02-27 21:14:20,561 - INFO - sqlalchemy.engine.Engine - SELECT artists.vinyl_id AS artists_vinyl_id, artists.id AS artists_id, artists.name AS artists_name, artists.role AS artists_role, artists.position AS artists_position 
FROM artists 
WHERE artists.vinyl_id IN (?, ?, ?, ?)
2026-02-27 21:14:20,562 - INFO - sqlalchemy.engine.Engine - [cached since 16.97s ago] (7, 6, 3, 1)
2026-02-27 21:14:20,568 - INFO - sqlalchemy.engine.Engine - SELECT count(*) AS count_1 
FROM vinyls 
WHERE vinyls.user_id = ?
2026-02-27 21:14:20,569 - INFO - sqlalchemy.engine.Engine - [cached since 16.97s ago] (853723374,)
2026-02-27 21:14:20,574 - INFO - sqlalchemy.engine.Engine - ROLLBACK
2026-02-27 21:14:20,841 - INFO - aiogram.event - Update id=641781992 is handled. Duration 343 ms by bot id=8521577266
2026-02-27 21:14:23,570 - INFO - sqlalchemy.engine.Engine - BEGIN (implicit)
2026-02-27 21:14:23,570 - INFO - sqlalchemy.engine.Engine - SELECT users.id, users.telegram_id, users.username, users.first_name, users.last_name, users.language_code, users.is_active, users.created_at 
FROM users 
WHERE users.telegram_id = ?
2026-02-27 21:14:23,572 - INFO - sqlalchemy.engine.Engine - [cached since 23.25s ago] (853723374,)
2026-02-27 21:14:23,575 - INFO - sqlalchemy.engine.Engine - COMMIT
2026-02-27 21:14:23,579 - INFO - sqlalchemy.engine.Engine - BEGIN (implicit)
2026-02-27 21:14:23,580 - INFO - sqlalchemy.engine.Engine - SELECT users.id, users.telegram_id, users.username, users.first_name, users.last_name, users.language_code, users.is_active, users.created_at 
FROM users 
WHERE users.id = ?
2026-02-27 21:14:23,582 - INFO - sqlalchemy.engine.Engine - [cached since 23.24s ago] (1,)
2026-02-27 21:14:23,585 - INFO - sqlalchemy.engine.Engine - ROLLBACK
2026-02-27 21:14:23,660 - INFO - aiogram.event - Update id=641781993 is handled. Duration 93 ms by bot id=8521577266
2026-02-27 21:14:25,714 - INFO - sqlalchemy.engine.Engine - BEGIN (implicit)
2026-02-27 21:14:25,715 - INFO - sqlalchemy.engine.Engine - SELECT users.id, users.telegram_id, users.username, users.first_name, users.last_name, users.language_code, users.is_active, users.created_at 
FROM users 
WHERE users.telegram_id = ?
2026-02-27 21:14:25,716 - INFO - sqlalchemy.engine.Engine - [cached since 25.39s ago] (853723374,)
2026-02-27 21:14:25,720 - INFO - sqlalchemy.engine.Engine - COMMIT
2026-02-27 21:14:25,723 - INFO - sqlalchemy.engine.Engine - BEGIN (implicit)
2026-02-27 21:14:25,725 - INFO - sqlalchemy.engine.Engine - SELECT users.id, users.telegram_id, users.username, users.first_name, users.last_name, users.language_code, users.is_active, users.created_at 
FROM users 
WHERE users.id = ?
2026-02-27 21:14:25,727 - INFO - sqlalchemy.engine.Engine - [cached since 25.38s ago] (1,)
2026-02-27 21:14:25,730 - INFO - sqlalchemy.engine.Engine - ROLLBACK
2026-02-27 21:14:25,862 - INFO - aiogram.event - Update id=641781994 is handled. Duration 155 ms by bot id=8521577266
2026-02-27 21:14:36,139 - INFO - sqlalchemy.engine.Engine - BEGIN (implicit)
2026-02-27 21:14:36,140 - INFO - sqlalchemy.engine.Engine - SELECT users.id, users.telegram_id, users.username, users.first_name, users.last_name, users.language_code, users.is_active, users.created_at 
FROM users 
WHERE users.telegram_id = ?
2026-02-27 21:14:36,141 - INFO - sqlalchemy.engine.Engine - [cached since 35.82s ago] (853723374,)
2026-02-27 21:14:36,144 - INFO - sqlalchemy.engine.Engine - COMMIT
2026-02-27 21:14:36,147 - INFO - sqlalchemy.engine.Engine - BEGIN (implicit)
2026-02-27 21:14:36,148 - INFO - sqlalchemy.engine.Engine - SELECT users.id, users.telegram_id, users.username, users.first_name, users.last_name, users.language_code, users.is_active, users.created_at 
FROM users 
WHERE users.id = ?
2026-02-27 21:14:36,150 - INFO - sqlalchemy.engine.Engine - [cached since 35.81s ago] (1,)
2026-02-27 21:14:36,154 - INFO - sqlalchemy.engine.Engine - ROLLBACK
2026-02-27 21:14:36,490 - INFO - sqlalchemy.engine.Engine - BEGIN (implicit)
2026-02-27 21:14:36,493 - INFO - sqlalchemy.engine.Engine - SELECT vinyls.id, vinyls.user_id, vinyls.discogs_id, vinyls.title, vinyls.year, vinyls.released, vinyls.country, vinyls.catno, vinyls.notes, vinyls.lowest_price, vinyls.num_for_sale, vinyls.rating_average, vinyls.rating_count, vinyls.have_count, vinyls.want_count, vinyls.genres, vinyls.styles, vinyls.cover_image, vinyls.created_at 
FROM vinyls 
WHERE vinyls.user_id = ? AND vinyls.discogs_id = ?
2026-02-27 21:14:36,494 - INFO - sqlalchemy.engine.Engine - [generated in 0.00151s] (853723374, 31392587)
2026-02-27 21:14:36,505 - INFO - sqlalchemy.engine.Engine - ROLLBACK
2026-02-27 21:14:37,964 - INFO - aiogram.event - Update id=641781995 is handled. Duration 1828 ms by bot id=8521577266
2026-02-27 21:14:43,105 - INFO - sqlalchemy.engine.Engine - BEGIN (implicit)
2026-02-27 21:14:43,107 - INFO - sqlalchemy.engine.Engine - SELECT users.id, users.telegram_id, users.username, users.first_name, users.last_name, users.language_code, users.is_active, users.created_at 
FROM users 
WHERE users.telegram_id = ?
2026-02-27 21:14:43,109 - INFO - sqlalchemy.engine.Engine - [cached since 42.78s ago] (853723374,)
2026-02-27 21:14:43,113 - INFO - sqlalchemy.engine.Engine - COMMIT
2026-02-27 21:14:43,116 - INFO - sqlalchemy.engine.Engine - BEGIN (implicit)
2026-02-27 21:14:43,118 - INFO - sqlalchemy.engine.Engine - SELECT users.id, users.telegram_id, users.username, users.first_name, users.last_name, users.language_code, users.is_active, users.created_at 
FROM users 
WHERE users.id = ?
2026-02-27 21:14:43,120 - INFO - sqlalchemy.engine.Engine - [cached since 42.78s ago] (1,)
2026-02-27 21:14:43,123 - INFO - sqlalchemy.engine.Engine - ROLLBACK
2026-02-27 21:14:43,139 - INFO - sqlalchemy.engine.Engine - BEGIN (implicit)
2026-02-27 21:14:43,140 - INFO - sqlalchemy.engine.Engine - SELECT vinyls.id, vinyls.user_id, vinyls.discogs_id, vinyls.title, vinyls.year, vinyls.released, vinyls.country, vinyls.catno, vinyls.notes, vinyls.lowest_price, vinyls.num_for_sale, vinyls.rating_average, vinyls.rating_count, vinyls.have_count, vinyls.want_count, vinyls.genres, vinyls.styles, vinyls.cover_image, vinyls.created_at 
FROM vinyls 
WHERE vinyls.user_id = ? AND vinyls.discogs_id = ?
2026-02-27 21:14:43,142 - INFO - sqlalchemy.engine.Engine - [cached since 6.649s ago] (853723374, 5042845)
2026-02-27 21:14:43,149 - INFO - sqlalchemy.engine.Engine - ROLLBACK
2026-02-27 21:14:44,499 - INFO - aiogram.event - Update id=641781996 is handled. Duration 1390 ms by bot id=8521577266
2026-02-27 21:14:45,647 - INFO - sqlalchemy.engine.Engine - BEGIN (implicit)
2026-02-27 21:14:45,649 - INFO - sqlalchemy.engine.Engine - SELECT count(users.id) AS count_1 
FROM users
2026-02-27 21:14:45,650 - INFO - sqlalchemy.engine.Engine - [cached since 165.2s ago] ()
2026-02-27 21:14:45,655 - INFO - sqlalchemy.engine.Engine - SELECT count(vinyls.id) AS count_1 
FROM vinyls
2026-02-27 21:14:45,656 - INFO - sqlalchemy.engine.Engine - [cached since 165.2s ago] ()
2026-02-27 21:14:45,663 - INFO - sqlalchemy.engine.Engine - SELECT users.id, users.telegram_id, users.username, users.first_name, users.last_name, users.language_code, users.is_active, users.created_at 
FROM users ORDER BY users.created_at DESC
 LIMIT ? OFFSET ?
2026-02-27 21:14:45,664 - INFO - sqlalchemy.engine.Engine - [cached since 165.2s ago] (5, 0)
2026-02-27 21:14:45,668 - INFO - sqlalchemy.engine.Engine - ROLLBACK
2026-02-27 21:14:45,672 - INFO - sqlalchemy.engine.Engine - BEGIN (implicit)
2026-02-27 21:14:45,673 - INFO - sqlalchemy.engine.Engine - SELECT date(users.created_at) AS date_1, count(users.id) AS count_1 
FROM users 
WHERE users.created_at >= ? GROUP BY date(users.created_at)
2026-02-27 21:14:45,674 - INFO - sqlalchemy.engine.Engine - [cached since 154.5s ago] ('2026-02-20 21:14:45.671160',)
2026-02-27 21:14:45,682 - INFO - sqlalchemy.engine.Engine - SELECT date(vinyls.created_at) AS date_1, count(vinyls.id) AS count_1 
FROM vinyls 
WHERE vinyls.created_at >= ? GROUP BY date(vinyls.created_at)
2026-02-27 21:14:45,684 - INFO - sqlalchemy.engine.Engine - [cached since 154.5s ago] ('2026-02-20 21:14:45.671160',)
2026-02-27 21:14:45,699 - INFO - sqlalchemy.engine.Engine - ROLLBACK
2026-02-27 21:14:49,557 - INFO - sqlalchemy.engine.Engine - BEGIN (implicit)
2026-02-27 21:14:49,558 - INFO - sqlalchemy.engine.Engine - SELECT users.id, users.telegram_id, users.username, users.first_name, users.last_name, users.language_code, users.is_active, users.created_at 
FROM users 
WHERE users.telegram_id = ?
2026-02-27 21:14:49,559 - INFO - sqlalchemy.engine.Engine - [cached since 49.23s ago] (853723374,)
2026-02-27 21:14:49,564 - INFO - sqlalchemy.engine.Engine - COMMIT
2026-02-27 21:14:49,567 - INFO - sqlalchemy.engine.Engine - BEGIN (implicit)
2026-02-27 21:14:49,568 - INFO - sqlalchemy.engine.Engine - SELECT users.id, users.telegram_id, users.username, users.first_name, users.last_name, users.language_code, users.is_active, users.created_at 
FROM users 
WHERE users.id = ?
2026-02-27 21:14:49,570 - INFO - sqlalchemy.engine.Engine - [cached since 49.23s ago] (1,)
2026-02-27 21:14:49,572 - INFO - sqlalchemy.engine.Engine - ROLLBACK
2026-02-27 21:14:49,582 - INFO - sqlalchemy.engine.Engine - BEGIN (implicit)
2026-02-27 21:14:49,583 - INFO - sqlalchemy.engine.Engine - SELECT vinyls.id, vinyls.user_id, vinyls.discogs_id, vinyls.title, vinyls.year, vinyls.released, vinyls.country, vinyls.catno, vinyls.notes, vinyls.lowest_price, vinyls.num_for_sale, vinyls.rating_average, vinyls.rating_count, vinyls.have_count, vinyls.want_count, vinyls.genres, vinyls.styles, vinyls.cover_image, vinyls.created_at 
FROM vinyls 
WHERE vinyls.user_id = ? AND vinyls.discogs_id = ?
2026-02-27 21:14:49,584 - INFO - sqlalchemy.engine.Engine - [cached since 13.09s ago] (853723374, 28620109)
2026-02-27 21:14:49,587 - INFO - sqlalchemy.engine.Engine - ROLLBACK
2026-02-27 21:14:50,904 - INFO - aiogram.event - Update id=641781997 is handled. Duration 1360 ms by bot id=8521577266
2026-02-27 21:14:52,784 - INFO - sqlalchemy.engine.Engine - BEGIN (implicit)
2026-02-27 21:14:52,786 - INFO - sqlalchemy.engine.Engine - SELECT count(users.id) AS count_1 
FROM users
2026-02-27 21:14:52,787 - INFO - sqlalchemy.engine.Engine - [cached since 172.4s ago] ()
2026-02-27 21:14:52,791 - INFO - sqlalchemy.engine.Engine - SELECT count(vinyls.id) AS count_1 
FROM vinyls
2026-02-27 21:14:52,792 - INFO - sqlalchemy.engine.Engine - [cached since 172.3s ago] ()
2026-02-27 21:14:52,797 - INFO - sqlalchemy.engine.Engine - SELECT users.id, users.telegram_id, users.username, users.first_name, users.last_name, users.language_code, users.is_active, users.created_at 
FROM users ORDER BY users.created_at DESC
 LIMIT ? OFFSET ?
2026-02-27 21:14:52,799 - INFO - sqlalchemy.engine.Engine - [cached since 172.3s ago] (5, 0)
2026-02-27 21:14:52,802 - INFO - sqlalchemy.engine.Engine - ROLLBACK
2026-02-27 21:14:52,806 - INFO - sqlalchemy.engine.Engine - BEGIN (implicit)
2026-02-27 21:14:52,808 - INFO - sqlalchemy.engine.Engine - SELECT date(users.created_at) AS date_1, count(users.id) AS count_1 
FROM users 
WHERE users.created_at >= ? GROUP BY date(users.created_at)
2026-02-27 21:14:52,809 - INFO - sqlalchemy.engine.Engine - [cached since 161.7s ago] ('2026-02-20 21:14:52.805751',)
2026-02-27 21:14:52,815 - INFO - sqlalchemy.engine.Engine - SELECT date(vinyls.created_at) AS date_1, count(vinyls.id) AS count_1 
FROM vinyls 
WHERE vinyls.created_at >= ? GROUP BY date(vinyls.created_at)
2026-02-27 21:14:52,817 - INFO - sqlalchemy.engine.Engine - [cached since 161.6s ago] ('2026-02-20 21:14:52.805751',)
2026-02-27 21:14:52,831 - INFO - sqlalchemy.engine.Engine - ROLLBACK
2026-02-27 21:14:57,232 - INFO - sqlalchemy.engine.Engine - BEGIN (implicit)
2026-02-27 21:14:57,234 - INFO - sqlalchemy.engine.Engine - SELECT users.id, users.telegram_id, users.username, users.first_name, users.last_name, users.language_code, users.is_active, users.created_at 
FROM users 
WHERE users.telegram_id = ?
2026-02-27 21:14:57,235 - INFO - sqlalchemy.engine.Engine - [cached since 56.91s ago] (853723374,)
2026-02-27 21:14:57,242 - INFO - sqlalchemy.engine.Engine - COMMIT
2026-02-27 21:14:57,244 - INFO - sqlalchemy.engine.Engine - BEGIN (implicit)
2026-02-27 21:14:57,245 - INFO - sqlalchemy.engine.Engine - SELECT users.id, users.telegram_id, users.username, users.first_name, users.last_name, users.language_code, users.is_active, users.created_at 
FROM users 
WHERE users.id = ?
2026-02-27 21:14:57,247 - INFO - sqlalchemy.engine.Engine - [cached since 56.9s ago] (1,)
2026-02-27 21:14:57,250 - INFO - sqlalchemy.engine.Engine - ROLLBACK
2026-02-27 21:14:57,259 - INFO - sqlalchemy.engine.Engine - BEGIN (implicit)
2026-02-27 21:14:57,261 - INFO - sqlalchemy.engine.Engine - SELECT vinyls.id, vinyls.user_id, vinyls.discogs_id, vinyls.title, vinyls.year, vinyls.released, vinyls.country, vinyls.catno, vinyls.notes, vinyls.lowest_price, vinyls.num_for_sale, vinyls.rating_average, vinyls.rating_count, vinyls.have_count, vinyls.want_count, vinyls.genres, vinyls.styles, vinyls.cover_image, vinyls.created_at 
FROM vinyls 
WHERE vinyls.user_id = ? ORDER BY vinyls.id DESC
 LIMIT ? OFFSET ?
2026-02-27 21:14:57,262 - INFO - sqlalchemy.engine.Engine - [cached since 53.71s ago] (853723374, 5, 0)
2026-02-27 21:14:57,268 - INFO - sqlalchemy.engine.Engine - SELECT tracks.vinyl_id AS tracks_vinyl_id, tracks.id AS tracks_id, tracks.position AS tracks_position, tracks.title AS tracks_title, tracks.duration AS tracks_duration 
FROM tracks 
WHERE tracks.vinyl_id IN (?, ?, ?, ?)
2026-02-27 21:14:57,270 - INFO - sqlalchemy.engine.Engine - [cached since 53.7s ago] (7, 6, 3, 1)
2026-02-27 21:14:57,276 - INFO - sqlalchemy.engine.Engine - SELECT formats.vinyl_id AS formats_vinyl_id, formats.id AS formats_id, formats.name AS formats_name, formats.qty AS formats_qty, formats.descriptions AS formats_descriptions 
FROM formats 
WHERE formats.vinyl_id IN (?, ?, ?, ?)
2026-02-27 21:14:57,278 - INFO - sqlalchemy.engine.Engine - [cached since 53.69s ago] (7, 6, 3, 1)
2026-02-27 21:14:57,283 - INFO - sqlalchemy.engine.Engine - SELECT artists.vinyl_id AS artists_vinyl_id, artists.id AS artists_id, artists.name AS artists_name, artists.role AS artists_role, artists.position AS artists_position 
FROM artists 
WHERE artists.vinyl_id IN (?, ?, ?, ?)
2026-02-27 21:14:57,285 - INFO - sqlalchemy.engine.Engine - [cached since 53.69s ago] (7, 6, 3, 1)
2026-02-27 21:14:57,291 - INFO - sqlalchemy.engine.Engine - SELECT count(*) AS count_1 
FROM vinyls 
WHERE vinyls.user_id = ?
2026-02-27 21:14:57,293 - INFO - sqlalchemy.engine.Engine - [cached since 53.69s ago] (853723374,)
2026-02-27 21:14:57,296 - INFO - sqlalchemy.engine.Engine - ROLLBACK
2026-02-27 21:14:57,393 - INFO - aiogram.event - Update id=641781998 is handled. Duration 155 ms by bot id=8521577266
2026-02-27 21:14:58,435 - INFO - sqlalchemy.engine.Engine - BEGIN (implicit)
2026-02-27 21:14:58,437 - INFO - sqlalchemy.engine.Engine - SELECT users.id, users.telegram_id, users.username, users.first_name, users.last_name, users.language_code, users.is_active, users.created_at 
FROM users 
WHERE users.telegram_id = ?
2026-02-27 21:14:58,438 - INFO - sqlalchemy.engine.Engine - [cached since 58.11s ago] (853723374,)
2026-02-27 21:14:58,442 - INFO - sqlalchemy.engine.Engine - COMMIT
2026-02-27 21:14:58,444 - INFO - sqlalchemy.engine.Engine - BEGIN (implicit)
2026-02-27 21:14:58,445 - INFO - sqlalchemy.engine.Engine - SELECT users.id, users.telegram_id, users.username, users.first_name, users.last_name, users.language_code, users.is_active, users.created_at 
FROM users 
WHERE users.id = ?
2026-02-27 21:14:58,446 - INFO - sqlalchemy.engine.Engine - [cached since 58.1s ago] (1,)
2026-02-27 21:14:58,449 - INFO - sqlalchemy.engine.Engine - ROLLBACK
2026-02-27 21:14:58,470 - INFO - sqlalchemy.engine.Engine - BEGIN (implicit)
2026-02-27 21:14:58,472 - INFO - sqlalchemy.engine.Engine - SELECT vinyls.id, vinyls.user_id, vinyls.discogs_id, vinyls.title, vinyls.year, vinyls.released, vinyls.country, vinyls.catno, vinyls.notes, vinyls.lowest_price, vinyls.num_for_sale, vinyls.rating_average, vinyls.rating_count, vinyls.have_count, vinyls.want_count, vinyls.genres, vinyls.styles, vinyls.cover_image, vinyls.created_at 
FROM vinyls 
WHERE vinyls.id = ?
2026-02-27 21:14:58,474 - INFO - sqlalchemy.engine.Engine - [cached since 53.56s ago] (6,)
2026-02-27 21:14:58,478 - INFO - sqlalchemy.engine.Engine - SELECT tracks.vinyl_id AS tracks_vinyl_id, tracks.id AS tracks_id, tracks.position AS tracks_position, tracks.title AS tracks_title, tracks.duration AS tracks_duration 
FROM tracks 
WHERE tracks.vinyl_id IN (?)
2026-02-27 21:14:58,480 - INFO - sqlalchemy.engine.Engine - [cached since 53.55s ago] (6,)
2026-02-27 21:14:58,487 - INFO - sqlalchemy.engine.Engine - SELECT formats.vinyl_id AS formats_vinyl_id, formats.id AS formats_id, formats.name AS formats_name, formats.qty AS formats_qty, formats.descriptions AS formats_descriptions 
FROM formats 
WHERE formats.vinyl_id IN (?)
2026-02-27 21:14:58,489 - INFO - sqlalchemy.engine.Engine - [cached since 53.55s ago] (6,)
2026-02-27 21:14:58,493 - INFO - sqlalchemy.engine.Engine - SELECT artists.vinyl_id AS artists_vinyl_id, artists.id AS artists_id, artists.name AS artists_name, artists.role AS artists_role, artists.position AS artists_position 
FROM artists 
WHERE artists.vinyl_id IN (?)
2026-02-27 21:14:58,495 - INFO - sqlalchemy.engine.Engine - [cached since 53.55s ago] (6,)
2026-02-27 21:14:58,500 - INFO - sqlalchemy.engine.Engine - SELECT images.vinyl_id AS images_vinyl_id, images.id AS images_id, images.type AS images_type, images.uri AS images_uri, images.uri150 AS images_uri150, images.width AS images_width, images.height AS images_height 
FROM images 
WHERE images.vinyl_id IN (?)
2026-02-27 21:14:58,502 - INFO - sqlalchemy.engine.Engine - [cached since 53.54s ago] (6,)
2026-02-27 21:14:58,507 - INFO - sqlalchemy.engine.Engine - SELECT identifiers.vinyl_id AS identifiers_vinyl_id, identifiers.id AS identifiers_id, identifiers.type AS identifiers_type, identifiers.value AS identifiers_value, identifiers.description AS identifiers_description 
FROM identifiers 
WHERE identifiers.vinyl_id IN (?)
2026-02-27 21:14:58,509 - INFO - sqlalchemy.engine.Engine - [cached since 53.54s ago] (6,)
2026-02-27 21:14:58,512 - INFO - sqlalchemy.engine.Engine - ROLLBACK
2026-02-27 21:14:59,954 - INFO - aiogram.event - Update id=641781999 is handled. Duration 1515 ms by bot id=8521577266
2026-02-27 21:15:02,574 - INFO - sqlalchemy.engine.Engine - BEGIN (implicit)
2026-02-27 21:15:02,576 - INFO - sqlalchemy.engine.Engine - SELECT count(users.id) AS count_1 
FROM users
2026-02-27 21:15:02,577 - INFO - sqlalchemy.engine.Engine - [cached since 182.1s ago] ()
2026-02-27 21:15:02,581 - INFO - sqlalchemy.engine.Engine - SELECT count(vinyls.id) AS count_1 
FROM vinyls
2026-02-27 21:15:02,582 - INFO - sqlalchemy.engine.Engine - [cached since 182.1s ago] ()
2026-02-27 21:15:02,587 - INFO - sqlalchemy.engine.Engine - SELECT users.id, users.telegram_id, users.username, users.first_name, users.last_name, users.language_code, users.is_active, users.created_at 
FROM users ORDER BY users.created_at DESC
 LIMIT ? OFFSET ?
2026-02-27 21:15:02,588 - INFO - sqlalchemy.engine.Engine - [cached since 182.1s ago] (5, 0)
2026-02-27 21:15:02,593 - INFO - sqlalchemy.engine.Engine - ROLLBACK
2026-02-27 21:15:02,597 - INFO - sqlalchemy.engine.Engine - BEGIN (implicit)
2026-02-27 21:15:02,600 - INFO - sqlalchemy.engine.Engine - SELECT date(users.created_at) AS date_1, count(users.id) AS count_1 
FROM users 
WHERE users.created_at >= ? GROUP BY date(users.created_at)
2026-02-27 21:15:02,601 - INFO - sqlalchemy.engine.Engine - [cached since 171.5s ago] ('2026-02-20 21:15:02.595017',)
2026-02-27 21:15:02,605 - INFO - sqlalchemy.engine.Engine - SELECT date(vinyls.created_at) AS date_1, count(vinyls.id) AS count_1 
FROM vinyls 
WHERE vinyls.created_at >= ? GROUP BY date(vinyls.created_at)
2026-02-27 21:15:02,607 - INFO - sqlalchemy.engine.Engine - [cached since 171.4s ago] ('2026-02-20 21:15:02.595017',)
2026-02-27 21:15:02,621 - INFO - sqlalchemy.engine.Engine - ROLLBACK
2026-02-27 21:15:19,314 - INFO - sqlalchemy.engine.Engine - BEGIN (implicit)
2026-02-27 21:15:19,316 - INFO - sqlalchemy.engine.Engine - SELECT count(users.id) AS count_1 
FROM users
2026-02-27 21:15:19,318 - INFO - sqlalchemy.engine.Engine - [cached since 198.9s ago] ()
2026-02-27 21:15:19,326 - INFO - sqlalchemy.engine.Engine - SELECT count(vinyls.id) AS count_1 
FROM vinyls
2026-02-27 21:15:19,328 - INFO - sqlalchemy.engine.Engine - [cached since 198.9s ago] ()
2026-02-27 21:15:19,336 - INFO - sqlalchemy.engine.Engine - SELECT users.id, users.telegram_id, users.username, users.first_name, users.last_name, users.language_code, users.is_active, users.created_at 
FROM users ORDER BY users.created_at DESC
 LIMIT ? OFFSET ?
2026-02-27 21:15:19,338 - INFO - sqlalchemy.engine.Engine - [cached since 198.9s ago] (5, 0)
2026-02-27 21:15:19,345 - INFO - sqlalchemy.engine.Engine - ROLLBACK
2026-02-27 21:15:19,351 - INFO - sqlalchemy.engine.Engine - BEGIN (implicit)
2026-02-27 21:15:19,353 - INFO - sqlalchemy.engine.Engine - SELECT date(users.created_at) AS date_1, count(users.id) AS count_1 
FROM users 
WHERE users.created_at >= ? GROUP BY date(users.created_at)
2026-02-27 21:15:19,356 - INFO - sqlalchemy.engine.Engine - [cached since 188.2s ago] ('2026-01-28 21:15:19.348903',)
2026-02-27 21:15:19,361 - INFO - sqlalchemy.engine.Engine - SELECT date(vinyls.created_at) AS date_1, count(vinyls.id) AS count_1 
FROM vinyls 
WHERE vinyls.created_at >= ? GROUP BY date(vinyls.created_at)
2026-02-27 21:15:19,363 - INFO - sqlalchemy.engine.Engine - [cached since 188.2s ago] ('2026-01-28 21:15:19.348903',)
2026-02-27 21:15:19,372 - INFO - sqlalchemy.engine.Engine - ROLLBACK
2026-02-27 21:15:30,322 - INFO - sqlalchemy.engine.Engine - BEGIN (implicit)
2026-02-27 21:15:30,325 - INFO - sqlalchemy.engine.Engine - SELECT users.id, users.telegram_id, users.username, users.first_name, users.last_name, users.language_code, users.is_active, users.created_at 
FROM users ORDER BY users.id
2026-02-27 21:15:30,327 - INFO - sqlalchemy.engine.Engine - [generated in 0.00298s] ()
2026-02-27 21:15:30,350 - INFO - sqlalchemy.engine.Engine - ROLLBACK
2026-02-27 21:15:56,194 - INFO - sqlalchemy.engine.Engine - BEGIN (implicit)
2026-02-27 21:15:56,196 - INFO - sqlalchemy.engine.Engine - SELECT users.id, users.telegram_id, users.username, users.first_name, users.last_name, users.language_code, users.is_active, users.created_at 
FROM users ORDER BY users.id
2026-02-27 21:15:56,198 - INFO - sqlalchemy.engine.Engine - [cached since 25.87s ago] ()
2026-02-27 21:15:56,205 - INFO - sqlalchemy.engine.Engine - ROLLBACK
2026-02-27 21:16:24,209 - INFO - sqlalchemy.engine.Engine - BEGIN (implicit)
2026-02-27 21:16:24,211 - INFO - sqlalchemy.engine.Engine - SELECT users.id, users.telegram_id, users.username, users.first_name, users.last_name, users.language_code, users.is_active, users.created_at 
FROM users ORDER BY users.id
2026-02-27 21:16:24,212 - INFO - sqlalchemy.engine.Engine - [cached since 53.89s ago] ()
2026-02-27 21:16:24,217 - INFO - sqlalchemy.engine.Engine - ROLLBACK
2026-02-27 21:16:32,561 - INFO - sqlalchemy.engine.Engine - BEGIN (implicit)
2026-02-27 21:16:32,563 - INFO - sqlalchemy.engine.Engine - SELECT count(users.id) AS count_1 
FROM users
2026-02-27 21:16:32,565 - INFO - sqlalchemy.engine.Engine - [cached since 272.1s ago] ()
2026-02-27 21:16:32,569 - INFO - sqlalchemy.engine.Engine - SELECT count(vinyls.id) AS count_1 
FROM vinyls
2026-02-27 21:16:32,570 - INFO - sqlalchemy.engine.Engine - [cached since 272.1s ago] ()
2026-02-27 21:16:32,577 - INFO - sqlalchemy.engine.Engine - SELECT users.id, users.telegram_id, users.username, users.first_name, users.last_name, users.language_code, users.is_active, users.created_at 
FROM users ORDER BY users.created_at DESC
 LIMIT ? OFFSET ?
2026-02-27 21:16:32,580 - INFO - sqlalchemy.engine.Engine - [cached since 272.1s ago] (5, 0)
2026-02-27 21:16:32,584 - INFO - sqlalchemy.engine.Engine - ROLLBACK
2026-02-27 21:16:32,587 - INFO - sqlalchemy.engine.Engine - BEGIN (implicit)
2026-02-27 21:16:32,588 - INFO - sqlalchemy.engine.Engine - SELECT date(users.created_at) AS date_1, count(users.id) AS count_1 
FROM users 
WHERE users.created_at >= ? GROUP BY date(users.created_at)
2026-02-27 21:16:32,591 - INFO - sqlalchemy.engine.Engine - [cached since 261.4s ago] ('2026-02-20 21:16:32.585244',)
2026-02-27 21:16:32,598 - INFO - sqlalchemy.engine.Engine - SELECT date(vinyls.created_at) AS date_1, count(vinyls.id) AS count_1 
FROM vinyls 
WHERE vinyls.created_at >= ? GROUP BY date(vinyls.created_at)
2026-02-27 21:16:32,599 - INFO - sqlalchemy.engine.Engine - [cached since 261.4s ago] ('2026-02-20 21:16:32.585244',)
2026-02-27 21:16:32,605 - INFO - sqlalchemy.engine.Engine - ROLLBACK
2026-02-27 21:16:37,919 - INFO - sqlalchemy.engine.Engine - BEGIN (implicit)
2026-02-27 21:16:37,920 - INFO - sqlalchemy.engine.Engine - SELECT users.id, users.telegram_id, users.username, users.first_name, users.last_name, users.language_code, users.is_active, users.created_at 
FROM users ORDER BY users.id
2026-02-27 21:16:37,922 - INFO - sqlalchemy.engine.Engine - [cached since 67.6s ago] ()
2026-02-27 21:16:37,927 - INFO - sqlalchemy.engine.Engine - ROLLBACK
2026-02-27 21:20:31,778 - INFO - sqlalchemy.engine.Engine - BEGIN (implicit)
2026-02-27 21:20:31,780 - INFO - sqlalchemy.engine.Engine - PRAGMA main.table_info("users")
2026-02-27 21:20:31,781 - INFO - sqlalchemy.engine.Engine - [raw sql] ()
2026-02-27 21:20:31,785 - INFO - sqlalchemy.engine.Engine - PRAGMA main.table_info("vinyls")
2026-02-27 21:20:31,786 - INFO - sqlalchemy.engine.Engine - [raw sql] ()
2026-02-27 21:20:31,790 - INFO - sqlalchemy.engine.Engine - PRAGMA main.table_info("tracks")
2026-02-27 21:20:31,791 - INFO - sqlalchemy.engine.Engine - [raw sql] ()
2026-02-27 21:20:31,796 - INFO - sqlalchemy.engine.Engine - PRAGMA main.table_info("artists")
2026-02-27 21:20:31,797 - INFO - sqlalchemy.engine.Engine - [raw sql] ()
2026-02-27 21:20:31,800 - INFO - sqlalchemy.engine.Engine - PRAGMA main.table_info("formats")
2026-02-27 21:20:31,801 - INFO - sqlalchemy.engine.Engine - [raw sql] ()
2026-02-27 21:20:31,804 - INFO - sqlalchemy.engine.Engine - PRAGMA main.table_info("images")
2026-02-27 21:20:31,805 - INFO - sqlalchemy.engine.Engine - [raw sql] ()
2026-02-27 21:20:31,810 - INFO - sqlalchemy.engine.Engine - PRAGMA main.table_info("identifiers")
2026-02-27 21:20:31,811 - INFO - sqlalchemy.engine.Engine - [raw sql] ()
2026-02-27 21:20:31,816 - INFO - sqlalchemy.engine.Engine - COMMIT
2026-02-27 21:20:31,843 - INFO - aiogram.dispatcher - Start polling
2026-02-27 21:20:32,219 - INFO - aiogram.dispatcher - Run polling for bot @Veny_Records_Bot id=8521577266 - '@Vinyl_Records_Bot'
2026-02-27 21:24:06,675 - INFO - sqlalchemy.engine.Engine - BEGIN (implicit)
2026-02-27 21:24:06,741 - INFO - sqlalchemy.engine.Engine - SELECT users.id, users.telegram_id, users.username, users.first_name, users.last_name, users.language_code, users.is_active, users.created_at 
FROM users 
WHERE users.telegram_id = ?
2026-02-27 21:24:06,742 - INFO - sqlalchemy.engine.Engine - [generated in 0.00193s] (853723374,)
2026-02-27 21:24:06,753 - INFO - sqlalchemy.engine.Engine - COMMIT
2026-02-27 21:24:06,758 - INFO - sqlalchemy.engine.Engine - BEGIN (implicit)
2026-02-27 21:24:06,762 - INFO - sqlalchemy.engine.Engine - SELECT users.id, users.telegram_id, users.username, users.first_name, users.last_name, users.language_code, users.is_active, users.created_at 
FROM users 
WHERE users.id = ?
2026-02-27 21:24:06,763 - INFO - sqlalchemy.engine.Engine - [generated in 0.00159s] (1,)
2026-02-27 21:24:06,768 - INFO - sqlalchemy.engine.Engine - ROLLBACK
2026-02-27 21:24:06,770 - INFO - bot_activity - User: 853723374 (@jumin_01) | Action: Callback | Content: coll_page:0
2026-02-27 21:24:06,787 - INFO - sqlalchemy.engine.Engine - BEGIN (implicit)
2026-02-27 21:24:06,798 - INFO - sqlalchemy.engine.Engine - SELECT vinyls.id, vinyls.user_id, vinyls.discogs_id, vinyls.title, vinyls.year, vinyls.released, vinyls.country, vinyls.catno, vinyls.notes, vinyls.lowest_price, vinyls.num_for_sale, vinyls.rating_average, vinyls.rating_count, vinyls.have_count, vinyls.want_count, vinyls.genres, vinyls.styles, vinyls.cover_image, vinyls.created_at 
FROM vinyls 
WHERE vinyls.user_id = ? ORDER BY vinyls.id DESC
 LIMIT ? OFFSET ?
2026-02-27 21:24:06,800 - INFO - sqlalchemy.engine.Engine - [generated in 0.00313s] (853723374, 5, 0)
2026-02-27 21:24:06,815 - INFO - sqlalchemy.engine.Engine - SELECT tracks.vinyl_id AS tracks_vinyl_id, tracks.id AS tracks_id, tracks.position AS tracks_position, tracks.title AS tracks_title, tracks.duration AS tracks_duration 
FROM tracks 
WHERE tracks.vinyl_id IN (?, ?, ?, ?)
2026-02-27 21:24:06,817 - INFO - sqlalchemy.engine.Engine - [generated in 0.00259s] (7, 6, 3, 1)
2026-02-27 21:24:06,831 - INFO - sqlalchemy.engine.Engine - SELECT formats.vinyl_id AS formats_vinyl_id, formats.id AS formats_id, formats.name AS formats_name, formats.qty AS formats_qty, formats.descriptions AS formats_descriptions 
FROM formats 
WHERE formats.vinyl_id IN (?, ?, ?, ?)
2026-02-27 21:24:06,833 - INFO - sqlalchemy.engine.Engine - [generated in 0.00287s] (7, 6, 3, 1)
2026-02-27 21:24:06,840 - INFO - sqlalchemy.engine.Engine - SELECT artists.vinyl_id AS artists_vinyl_id, artists.id AS artists_id, artists.name AS artists_name, artists.role AS artists_role, artists.position AS artists_position 
FROM artists 
WHERE artists.vinyl_id IN (?, ?, ?, ?)
2026-02-27 21:24:06,842 - INFO - sqlalchemy.engine.Engine - [generated in 0.00186s] (7, 6, 3, 1)
2026-02-27 21:24:06,853 - INFO - sqlalchemy.engine.Engine - SELECT count(*) AS count_1 
FROM vinyls 
WHERE vinyls.user_id = ?
2026-02-27 21:24:06,855 - INFO - sqlalchemy.engine.Engine - [generated in 0.00149s] (853723374,)
2026-02-27 21:24:06,858 - INFO - sqlalchemy.engine.Engine - ROLLBACK
2026-02-27 21:24:07,334 - INFO - aiogram.event - Update id=641782000 is handled. Duration 657 ms by bot id=8521577266
2026-02-27 21:24:39,652 - INFO - sqlalchemy.engine.Engine - BEGIN (implicit)
2026-02-27 21:24:39,654 - INFO - sqlalchemy.engine.Engine - SELECT users.id, users.telegram_id, users.username, users.first_name, users.last_name, users.language_code, users.is_active, users.created_at 
FROM users 
WHERE users.telegram_id = ?
2026-02-27 21:24:39,655 - INFO - sqlalchemy.engine.Engine - [cached since 32.91s ago] (853723374,)
2026-02-27 21:24:39,659 - INFO - sqlalchemy.engine.Engine - COMMIT
2026-02-27 21:24:39,662 - INFO - sqlalchemy.engine.Engine - BEGIN (implicit)
2026-02-27 21:24:39,664 - INFO - sqlalchemy.engine.Engine - SELECT users.id, users.telegram_id, users.username, users.first_name, users.last_name, users.language_code, users.is_active, users.created_at 
FROM users 
WHERE users.id = ?
2026-02-27 21:24:39,666 - INFO - sqlalchemy.engine.Engine - [cached since 32.9s ago] (1,)
2026-02-27 21:24:39,671 - INFO - sqlalchemy.engine.Engine - ROLLBACK
2026-02-27 21:24:39,673 - INFO - bot_activity - User: 853723374 (@jumin_01) | Action: Message | Content: /stats
2026-02-27 21:24:39,762 - INFO - aiogram.event - Update id=641782001 is handled. Duration 125 ms by bot id=8521577266
2026-02-27 21:24:41,357 - INFO - sqlalchemy.engine.Engine - BEGIN (implicit)
2026-02-27 21:24:41,359 - INFO - sqlalchemy.engine.Engine - SELECT users.id, users.telegram_id, users.username, users.first_name, users.last_name, users.language_code, users.is_active, users.created_at 
FROM users 
WHERE users.telegram_id = ?
2026-02-27 21:24:41,360 - INFO - sqlalchemy.engine.Engine - [cached since 34.62s ago] (853723374,)
2026-02-27 21:24:41,363 - INFO - sqlalchemy.engine.Engine - COMMIT
2026-02-27 21:24:41,366 - INFO - sqlalchemy.engine.Engine - BEGIN (implicit)
2026-02-27 21:24:41,369 - INFO - sqlalchemy.engine.Engine - SELECT users.id, users.telegram_id, users.username, users.first_name, users.last_name, users.language_code, users.is_active, users.created_at 
FROM users 
WHERE users.id = ?
2026-02-27 21:24:41,370 - INFO - sqlalchemy.engine.Engine - [cached since 34.61s ago] (1,)
2026-02-27 21:24:41,376 - INFO - sqlalchemy.engine.Engine - ROLLBACK
2026-02-27 21:24:41,379 - INFO - bot_activity - User: 853723374 (@jumin_01) | Action: Callback | Content: stats_tops
2026-02-27 21:24:41,408 - INFO - sqlalchemy.engine.Engine - BEGIN (implicit)
2026-02-27 21:24:41,411 - INFO - sqlalchemy.engine.Engine - SELECT count(vinyls.id) AS count_1 
FROM vinyls 
WHERE vinyls.user_id = ?
2026-02-27 21:24:41,411 - INFO - sqlalchemy.engine.Engine - [generated in 0.00111s] (853723374,)
2026-02-27 21:24:41,428 - INFO - sqlalchemy.engine.Engine - SELECT count(distinct(artists.name)) AS count_1 
FROM artists JOIN vinyls ON vinyls.id = artists.vinyl_id 
WHERE vinyls.user_id = ?
2026-02-27 21:24:41,429 - INFO - sqlalchemy.engine.Engine - [generated in 0.00136s] (853723374,)
2026-02-27 21:24:41,435 - INFO - sqlalchemy.engine.Engine - SELECT count(distinct(vinyls.country)) AS count_1 
FROM vinyls 
WHERE vinyls.user_id = ? AND vinyls.country IS NOT NULL
2026-02-27 21:24:41,437 - INFO - sqlalchemy.engine.Engine - [generated in 0.00202s] (853723374,)
2026-02-27 21:24:41,456 - INFO - sqlalchemy.engine.Engine - SELECT min(vinyls.year) AS min_1, max(vinyls.year) AS max_1, avg(vinyls.year) AS avg_1 
FROM vinyls 
WHERE vinyls.user_id = ? AND vinyls.year IS NOT NULL AND vinyls.year > ?
2026-02-27 21:24:41,459 - INFO - sqlalchemy.engine.Engine - [generated in 0.00328s] (853723374, 0)
2026-02-27 21:24:41,467 - INFO - sqlalchemy.engine.Engine - SELECT artists.name, count(vinyls.id) AS count_1 
FROM artists JOIN vinyls ON vinyls.id = artists.vinyl_id 
WHERE vinyls.user_id = ? GROUP BY artists.name ORDER BY count(vinyls.id) DESC
 LIMIT ? OFFSET ?
2026-02-27 21:24:41,469 - INFO - sqlalchemy.engine.Engine - [generated in 0.00222s] (853723374, 5, 0)
2026-02-27 21:24:41,481 - INFO - sqlalchemy.engine.Engine - SELECT vinyls.country, count(vinyls.id) AS count_1 
FROM vinyls 
WHERE vinyls.user_id = ? AND vinyls.country IS NOT NULL GROUP BY vinyls.country ORDER BY count(vinyls.id) DESC
 LIMIT ? OFFSET ?
2026-02-27 21:24:41,483 - INFO - sqlalchemy.engine.Engine - [generated in 0.00274s] (853723374, 5, 0)
2026-02-27 21:24:41,496 - INFO - sqlalchemy.engine.Engine - SELECT vinyls.id, vinyls.user_id, vinyls.discogs_id, vinyls.title, vinyls.year, vinyls.released, vinyls.country, vinyls.catno, vinyls.notes, vinyls.lowest_price, vinyls.num_for_sale, vinyls.rating_average, vinyls.rating_count, vinyls.have_count, vinyls.want_count, vinyls.genres, vinyls.styles, vinyls.cover_image, vinyls.created_at 
FROM vinyls 
WHERE vinyls.user_id = ? AND vinyls.rating_average IS NOT NULL ORDER BY vinyls.rating_average DESC
 LIMIT ? OFFSET ?
2026-02-27 21:24:41,498 - INFO - sqlalchemy.engine.Engine - [generated in 0.00241s] (853723374, 5, 0)
2026-02-27 21:24:41,509 - INFO - sqlalchemy.engine.Engine - SELECT artists.vinyl_id AS artists_vinyl_id, artists.id AS artists_id, artists.name AS artists_name, artists.role AS artists_role, artists.position AS artists_position 
FROM artists 
WHERE artists.vinyl_id IN (?, ?)
2026-02-27 21:24:41,510 - INFO - sqlalchemy.engine.Engine - [generated in 0.00201s] (6, 7)
2026-02-27 21:24:41,519 - INFO - sqlalchemy.engine.Engine - SELECT vinyls.id, vinyls.user_id, vinyls.discogs_id, vinyls.title, vinyls.year, vinyls.released, vinyls.country, vinyls.catno, vinyls.notes, vinyls.lowest_price, vinyls.num_for_sale, vinyls.rating_average, vinyls.rating_count, vinyls.have_count, vinyls.want_count, vinyls.genres, vinyls.styles, vinyls.cover_image, vinyls.created_at 
FROM vinyls 
WHERE vinyls.user_id = ? AND vinyls.have_count IS NOT NULL AND vinyls.have_count > ? ORDER BY vinyls.have_count ASC
 LIMIT ? OFFSET ?
2026-02-27 21:24:41,522 - INFO - sqlalchemy.engine.Engine - [generated in 0.00358s] (853723374, 0, 5, 0)
2026-02-27 21:24:41,530 - INFO - sqlalchemy.engine.Engine - SELECT artists.vinyl_id AS artists_vinyl_id, artists.id AS artists_id, artists.name AS artists_name, artists.role AS artists_role, artists.position AS artists_position 
FROM artists 
WHERE artists.vinyl_id IN (?, ?)
2026-02-27 21:24:41,531 - INFO - sqlalchemy.engine.Engine - [cached since 0.02321s ago] (6, 7)
2026-02-27 21:24:41,542 - INFO - sqlalchemy.engine.Engine - SELECT vinyls.id, vinyls.user_id, vinyls.discogs_id, vinyls.title, vinyls.year, vinyls.released, vinyls.country, vinyls.catno, vinyls.notes, vinyls.lowest_price, vinyls.num_for_sale, vinyls.rating_average, vinyls.rating_count, vinyls.have_count, vinyls.want_count, vinyls.genres, vinyls.styles, vinyls.cover_image, vinyls.created_at 
FROM vinyls 
WHERE vinyls.user_id = ? AND vinyls.lowest_price IS NOT NULL ORDER BY vinyls.lowest_price DESC
 LIMIT ? OFFSET ?
2026-02-27 21:24:41,545 - INFO - sqlalchemy.engine.Engine - [generated in 0.00421s] (853723374, 5, 0)
2026-02-27 21:24:41,557 - INFO - sqlalchemy.engine.Engine - SELECT artists.vinyl_id AS artists_vinyl_id, artists.id AS artists_id, artists.name AS artists_name, artists.role AS artists_role, artists.position AS artists_position 
FROM artists 
WHERE artists.vinyl_id IN (?, ?)
2026-02-27 21:24:41,560 - INFO - sqlalchemy.engine.Engine - [cached since 0.05137s ago] (6, 7)
2026-02-27 21:24:41,568 - INFO - sqlalchemy.engine.Engine - SELECT vinyls.id, vinyls.user_id, vinyls.discogs_id, vinyls.title, vinyls.year, vinyls.released, vinyls.country, vinyls.catno, vinyls.notes, vinyls.lowest_price, vinyls.num_for_sale, vinyls.rating_average, vinyls.rating_count, vinyls.have_count, vinyls.want_count, vinyls.genres, vinyls.styles, vinyls.cover_image, vinyls.created_at 
FROM vinyls 
WHERE vinyls.user_id = ?
2026-02-27 21:24:41,571 - INFO - sqlalchemy.engine.Engine - [generated in 0.00333s] (853723374,)
2026-02-27 21:24:41,577 - INFO - sqlalchemy.engine.Engine - SELECT artists.vinyl_id AS artists_vinyl_id, artists.id AS artists_id, artists.name AS artists_name, artists.role AS artists_role, artists.position AS artists_position 
FROM artists 
WHERE artists.vinyl_id IN (?, ?, ?, ?)
2026-02-27 21:24:41,579 - INFO - sqlalchemy.engine.Engine - [cached since 0.07079s ago] (1, 3, 6, 7)
2026-02-27 21:24:41,584 - INFO - sqlalchemy.engine.Engine - ROLLBACK
2026-02-27 21:24:41,683 - INFO - aiogram.event - Update id=641782002 is handled. Duration 328 ms by bot id=8521577266
2026-02-27 21:32:54,564 - INFO - sqlalchemy.engine.Engine - BEGIN (implicit)
2026-02-27 21:32:54,567 - INFO - sqlalchemy.engine.Engine - PRAGMA main.table_info("users")
2026-02-27 21:32:54,568 - INFO - sqlalchemy.engine.Engine - [raw sql] ()
2026-02-27 21:32:54,571 - INFO - sqlalchemy.engine.Engine - PRAGMA main.table_info("vinyls")
2026-02-27 21:32:54,572 - INFO - sqlalchemy.engine.Engine - [raw sql] ()
2026-02-27 21:32:54,577 - INFO - sqlalchemy.engine.Engine - PRAGMA main.table_info("tracks")
2026-02-27 21:32:54,578 - INFO - sqlalchemy.engine.Engine - [raw sql] ()
2026-02-27 21:32:54,581 - INFO - sqlalchemy.engine.Engine - PRAGMA main.table_info("artists")
2026-02-27 21:32:54,582 - INFO - sqlalchemy.engine.Engine - [raw sql] ()
2026-02-27 21:32:54,586 - INFO - sqlalchemy.engine.Engine - PRAGMA main.table_info("formats")
2026-02-27 21:32:54,587 - INFO - sqlalchemy.engine.Engine - [raw sql] ()
2026-02-27 21:32:54,591 - INFO - sqlalchemy.engine.Engine - PRAGMA main.table_info("images")
2026-02-27 21:32:54,592 - INFO - sqlalchemy.engine.Engine - [raw sql] ()
2026-02-27 21:32:54,594 - INFO - sqlalchemy.engine.Engine - PRAGMA main.table_info("identifiers")
2026-02-27 21:32:54,595 - INFO - sqlalchemy.engine.Engine - [raw sql] ()
2026-02-27 21:32:54,599 - INFO - sqlalchemy.engine.Engine - COMMIT
2026-02-27 21:32:54,623 - INFO - aiogram.dispatcher - Start polling
2026-02-27 21:32:54,843 - INFO - sqlalchemy.engine.Engine - BEGIN (implicit)
2026-02-27 21:32:54,910 - INFO - sqlalchemy.engine.Engine - SELECT users.id, users.telegram_id, users.username, users.first_name, users.last_name, users.language_code, users.is_active, users.created_at 
FROM users ORDER BY users.id
2026-02-27 21:32:54,912 - INFO - sqlalchemy.engine.Engine - [generated in 0.00222s] ()
2026-02-27 21:32:54,920 - INFO - sqlalchemy.engine.Engine - ROLLBACK
2026-02-27 21:32:54,988 - INFO - aiogram.dispatcher - Run polling for bot @Veny_Records_Bot id=8521577266 - '@Vinyl_Records_Bot'
2026-02-27 21:32:59,761 - INFO - sqlalchemy.engine.Engine - BEGIN (implicit)
2026-02-27 21:32:59,766 - INFO - sqlalchemy.engine.Engine - SELECT users.id AS users_id, users.telegram_id AS users_telegram_id, users.username AS users_username, users.first_name AS users_first_name, users.last_name AS users_last_name, users.language_code AS users_language_code, users.is_active AS users_is_active, users.created_at AS users_created_at 
FROM users 
WHERE users.id = ?
2026-02-27 21:32:59,769 - INFO - sqlalchemy.engine.Engine - [generated in 0.00215s] (1,)
2026-02-27 21:32:59,782 - INFO - sqlalchemy.engine.Engine - SELECT count(vinyls.id) AS count_1 
FROM vinyls 
WHERE vinyls.user_id = ?
2026-02-27 21:32:59,784 - INFO - sqlalchemy.engine.Engine - [generated in 0.00153s] (853723374,)
2026-02-27 21:32:59,793 - INFO - sqlalchemy.engine.Engine - SELECT vinyls.id, vinyls.user_id, vinyls.discogs_id, vinyls.title, vinyls.year, vinyls.released, vinyls.country, vinyls.catno, vinyls.notes, vinyls.lowest_price, vinyls.num_for_sale, vinyls.rating_average, vinyls.rating_count, vinyls.have_count, vinyls.want_count, vinyls.genres, vinyls.styles, vinyls.cover_image, vinyls.created_at 
FROM vinyls 
WHERE vinyls.user_id = ? ORDER BY vinyls.created_at DESC
2026-02-27 21:32:59,796 - INFO - sqlalchemy.engine.Engine - [generated in 0.00310s] (853723374,)
2026-02-27 21:32:59,801 - INFO - sqlalchemy.engine.Engine - ROLLBACK
2026-02-27 21:33:20,745 - INFO - sqlalchemy.engine.Engine - BEGIN (implicit)
2026-02-27 21:33:20,748 - INFO - sqlalchemy.engine.Engine - SELECT users.id, users.telegram_id, users.username, users.first_name, users.last_name, users.language_code, users.is_active, users.created_at 
FROM users 
WHERE users.telegram_id = ?
2026-02-27 21:33:20,750 - INFO - sqlalchemy.engine.Engine - [generated in 0.00249s] (853723374,)
2026-02-27 21:33:20,769 - INFO - sqlalchemy.engine.Engine - COMMIT
2026-02-27 21:33:20,772 - INFO - sqlalchemy.engine.Engine - BEGIN (implicit)
2026-02-27 21:33:20,777 - INFO - sqlalchemy.engine.Engine - SELECT users.id, users.telegram_id, users.username, users.first_name, users.last_name, users.language_code, users.is_active, users.created_at 
FROM users 
WHERE users.id = ?
2026-02-27 21:33:20,779 - INFO - sqlalchemy.engine.Engine - [generated in 0.00250s] (1,)
2026-02-27 21:33:20,785 - INFO - sqlalchemy.engine.Engine - ROLLBACK
2026-02-27 21:33:20,788 - INFO - bot_activity - User: 853723374 (@jumin_01) | Action: Message | Content: [ContentType.PHOTO]
2026-02-27 21:33:26,478 - INFO - sqlalchemy.engine.Engine - BEGIN (implicit)
2026-02-27 21:33:26,481 - INFO - sqlalchemy.engine.Engine - SELECT users.id AS users_id, users.telegram_id AS users_telegram_id, users.username AS users_username, users.first_name AS users_first_name, users.last_name AS users_last_name, users.language_code AS users_language_code, users.is_active AS users_is_active, users.created_at AS users_created_at 
FROM users 
WHERE users.id = ?
2026-02-27 21:33:26,485 - INFO - sqlalchemy.engine.Engine - [cached since 26.72s ago] (1,)
2026-02-27 21:33:26,494 - INFO - sqlalchemy.engine.Engine - SELECT count(vinyls.id) AS count_1 
FROM vinyls 
WHERE vinyls.user_id = ?
2026-02-27 21:33:26,495 - INFO - sqlalchemy.engine.Engine - [cached since 26.71s ago] (853723374,)
2026-02-27 21:33:26,504 - INFO - sqlalchemy.engine.Engine - SELECT vinyls.id, vinyls.user_id, vinyls.discogs_id, vinyls.title, vinyls.year, vinyls.released, vinyls.country, vinyls.catno, vinyls.notes, vinyls.lowest_price, vinyls.num_for_sale, vinyls.rating_average, vinyls.rating_count, vinyls.have_count, vinyls.want_count, vinyls.genres, vinyls.styles, vinyls.cover_image, vinyls.created_at 
FROM vinyls 
WHERE vinyls.user_id = ? ORDER BY vinyls.created_at DESC
2026-02-27 21:33:26,508 - INFO - sqlalchemy.engine.Engine - [cached since 26.71s ago] (853723374,)
2026-02-27 21:33:26,515 - INFO - sqlalchemy.engine.Engine - ROLLBACK
2026-02-27 21:33:44,420 - INFO - sqlalchemy.engine.Engine - BEGIN (implicit)
2026-02-27 21:33:44,424 - INFO - sqlalchemy.engine.Engine - SELECT vinyls.id, vinyls.user_id, vinyls.discogs_id, vinyls.title, vinyls.year, vinyls.released, vinyls.country, vinyls.catno, vinyls.notes, vinyls.lowest_price, vinyls.num_for_sale, vinyls.rating_average, vinyls.rating_count, vinyls.have_count, vinyls.want_count, vinyls.genres, vinyls.styles, vinyls.cover_image, vinyls.created_at 
FROM vinyls 
WHERE vinyls.user_id = ? AND vinyls.discogs_id = ?
2026-02-27 21:33:44,426 - INFO - sqlalchemy.engine.Engine - [generated in 0.00226s] (853723374, 33002871)
2026-02-27 21:33:44,442 - INFO - sqlalchemy.engine.Engine - ROLLBACK
2026-02-27 21:33:46,971 - INFO - aiogram.event - Update id=641782003 is handled. Duration 26234 ms by bot id=8521577266
2026-02-27 21:33:52,791 - INFO - sqlalchemy.engine.Engine - BEGIN (implicit)
2026-02-27 21:33:52,792 - INFO - sqlalchemy.engine.Engine - SELECT users.id, users.telegram_id, users.username, users.first_name, users.last_name, users.language_code, users.is_active, users.created_at 
FROM users 
WHERE users.telegram_id = ?
2026-02-27 21:33:52,793 - INFO - sqlalchemy.engine.Engine - [cached since 32.04s ago] (853723374,)
2026-02-27 21:33:52,797 - INFO - sqlalchemy.engine.Engine - COMMIT
2026-02-27 21:33:52,799 - INFO - sqlalchemy.engine.Engine - BEGIN (implicit)
2026-02-27 21:33:52,800 - INFO - sqlalchemy.engine.Engine - SELECT users.id, users.telegram_id, users.username, users.first_name, users.last_name, users.language_code, users.is_active, users.created_at 
FROM users 
WHERE users.id = ?
2026-02-27 21:33:52,802 - INFO - sqlalchemy.engine.Engine - [cached since 32.03s ago] (1,)
2026-02-27 21:33:52,806 - INFO - sqlalchemy.engine.Engine - ROLLBACK
2026-02-27 21:33:52,809 - INFO - bot_activity - User: 853723374 (@jumin_01) | Action: Callback | Content: search_nav:1662:1
2026-02-27 21:33:52,824 - INFO - sqlalchemy.engine.Engine - BEGIN (implicit)
2026-02-27 21:33:52,825 - INFO - sqlalchemy.engine.Engine - SELECT vinyls.id, vinyls.user_id, vinyls.discogs_id, vinyls.title, vinyls.year, vinyls.released, vinyls.country, vinyls.catno, vinyls.notes, vinyls.lowest_price, vinyls.num_for_sale, vinyls.rating_average, vinyls.rating_count, vinyls.have_count, vinyls.want_count, vinyls.genres, vinyls.styles, vinyls.cover_image, vinyls.created_at 
FROM vinyls 
WHERE vinyls.user_id = ? AND vinyls.discogs_id = ?
2026-02-27 21:33:52,827 - INFO - sqlalchemy.engine.Engine - [cached since 8.403s ago] (853723374, 35495671)
2026-02-27 21:33:52,831 - INFO - sqlalchemy.engine.Engine - ROLLBACK
2026-02-27 21:33:54,579 - INFO - aiogram.event - Update id=641782004 is handled. Duration 1797 ms by bot id=8521577266
2026-02-27 21:33:57,016 - INFO - sqlalchemy.engine.Engine - BEGIN (implicit)
2026-02-27 21:33:57,017 - INFO - sqlalchemy.engine.Engine - SELECT users.id, users.telegram_id, users.username, users.first_name, users.last_name, users.language_code, users.is_active, users.created_at 
FROM users 
WHERE users.telegram_id = ?
2026-02-27 21:33:57,018 - INFO - sqlalchemy.engine.Engine - [cached since 36.27s ago] (853723374,)
2026-02-27 21:33:57,021 - INFO - sqlalchemy.engine.Engine - COMMIT
2026-02-27 21:33:57,024 - INFO - sqlalchemy.engine.Engine - BEGIN (implicit)
2026-02-27 21:33:57,026 - INFO - sqlalchemy.engine.Engine - SELECT users.id, users.telegram_id, users.username, users.first_name, users.last_name, users.language_code, users.is_active, users.created_at 
FROM users 
WHERE users.id = ?
2026-02-27 21:33:57,028 - INFO - sqlalchemy.engine.Engine - [cached since 36.25s ago] (1,)
2026-02-27 21:33:57,038 - INFO - sqlalchemy.engine.Engine - ROLLBACK
2026-02-27 21:33:57,040 - INFO - bot_activity - User: 853723374 (@jumin_01) | Action: Callback | Content: search_nav:1662:2
2026-02-27 21:33:57,055 - INFO - sqlalchemy.engine.Engine - BEGIN (implicit)
2026-02-27 21:33:57,056 - INFO - sqlalchemy.engine.Engine - SELECT vinyls.id, vinyls.user_id, vinyls.discogs_id, vinyls.title, vinyls.year, vinyls.released, vinyls.country, vinyls.catno, vinyls.notes, vinyls.lowest_price, vinyls.num_for_sale, vinyls.rating_average, vinyls.rating_count, vinyls.have_count, vinyls.want_count, vinyls.genres, vinyls.styles, vinyls.cover_image, vinyls.created_at 
FROM vinyls 
WHERE vinyls.user_id = ? AND vinyls.discogs_id = ?
2026-02-27 21:33:57,058 - INFO - sqlalchemy.engine.Engine - [cached since 12.63s ago] (853723374, 3970363)
2026-02-27 21:33:57,063 - INFO - sqlalchemy.engine.Engine - ROLLBACK
2026-02-27 21:33:58,668 - INFO - aiogram.event - Update id=641782005 is handled. Duration 1655 ms by bot id=8521577266
2026-02-27 21:34:04,341 - INFO - sqlalchemy.engine.Engine - BEGIN (implicit)
2026-02-27 21:34:04,342 - INFO - sqlalchemy.engine.Engine - SELECT users.id, users.telegram_id, users.username, users.first_name, users.last_name, users.language_code, users.is_active, users.created_at 
FROM users 
WHERE users.telegram_id = ?
2026-02-27 21:34:04,343 - INFO - sqlalchemy.engine.Engine - [cached since 43.6s ago] (853723374,)
2026-02-27 21:34:04,347 - INFO - sqlalchemy.engine.Engine - COMMIT
2026-02-27 21:34:04,351 - INFO - sqlalchemy.engine.Engine - BEGIN (implicit)
2026-02-27 21:34:04,352 - INFO - sqlalchemy.engine.Engine - SELECT users.id, users.telegram_id, users.username, users.first_name, users.last_name, users.language_code, users.is_active, users.created_at 
FROM users 
WHERE users.id = ?
2026-02-27 21:34:04,354 - INFO - sqlalchemy.engine.Engine - [cached since 43.58s ago] (1,)
2026-02-27 21:34:04,357 - INFO - sqlalchemy.engine.Engine - ROLLBACK
2026-02-27 21:34:04,359 - INFO - bot_activity - User: 853723374 (@jumin_01) | Action: Callback | Content: search_nav:1662:3
2026-02-27 21:34:04,377 - INFO - sqlalchemy.engine.Engine - BEGIN (implicit)
2026-02-27 21:34:04,379 - INFO - sqlalchemy.engine.Engine - SELECT vinyls.id, vinyls.user_id, vinyls.discogs_id, vinyls.title, vinyls.year, vinyls.released, vinyls.country, vinyls.catno, vinyls.notes, vinyls.lowest_price, vinyls.num_for_sale, vinyls.rating_average, vinyls.rating_count, vinyls.have_count, vinyls.want_count, vinyls.genres, vinyls.styles, vinyls.cover_image, vinyls.created_at 
FROM vinyls 
WHERE vinyls.user_id = ? AND vinyls.discogs_id = ?
2026-02-27 21:34:04,381 - INFO - sqlalchemy.engine.Engine - [cached since 19.96s ago] (853723374, 2372270)
2026-02-27 21:34:04,384 - INFO - sqlalchemy.engine.Engine - ROLLBACK
2026-02-27 21:34:06,472 - INFO - aiogram.event - Update id=641782006 is handled. Duration 2125 ms by bot id=8521577266
2026-02-27 21:34:08,478 - INFO - sqlalchemy.engine.Engine - BEGIN (implicit)
2026-02-27 21:34:08,479 - INFO - sqlalchemy.engine.Engine - SELECT users.id, users.telegram_id, users.username, users.first_name, users.last_name, users.language_code, users.is_active, users.created_at 
FROM users 
WHERE users.telegram_id = ?
2026-02-27 21:34:08,481 - INFO - sqlalchemy.engine.Engine - [cached since 47.73s ago] (853723374,)
2026-02-27 21:34:08,484 - INFO - sqlalchemy.engine.Engine - COMMIT
2026-02-27 21:34:08,486 - INFO - sqlalchemy.engine.Engine - BEGIN (implicit)
2026-02-27 21:34:08,488 - INFO - sqlalchemy.engine.Engine - SELECT users.id, users.telegram_id, users.username, users.first_name, users.last_name, users.language_code, users.is_active, users.created_at 
FROM users 
WHERE users.id = ?
2026-02-27 21:34:08,489 - INFO - sqlalchemy.engine.Engine - [cached since 47.71s ago] (1,)
2026-02-27 21:34:08,493 - INFO - sqlalchemy.engine.Engine - ROLLBACK
2026-02-27 21:34:08,494 - INFO - bot_activity - User: 853723374 (@jumin_01) | Action: Callback | Content: search_nav:1662:4
2026-02-27 21:34:08,509 - INFO - sqlalchemy.engine.Engine - BEGIN (implicit)
2026-02-27 21:34:08,511 - INFO - sqlalchemy.engine.Engine - SELECT vinyls.id, vinyls.user_id, vinyls.discogs_id, vinyls.title, vinyls.year, vinyls.released, vinyls.country, vinyls.catno, vinyls.notes, vinyls.lowest_price, vinyls.num_for_sale, vinyls.rating_average, vinyls.rating_count, vinyls.have_count, vinyls.want_count, vinyls.genres, vinyls.styles, vinyls.cover_image, vinyls.created_at 
FROM vinyls 
WHERE vinyls.user_id = ? AND vinyls.discogs_id = ?
2026-02-27 21:34:08,513 - INFO - sqlalchemy.engine.Engine - [cached since 24.09s ago] (853723374, 515505)
2026-02-27 21:34:08,516 - INFO - sqlalchemy.engine.Engine - ROLLBACK
2026-02-27 21:34:10,272 - INFO - aiogram.event - Update id=641782007 is handled. Duration 1796 ms by bot id=8521577266
2026-02-27 21:34:14,140 - INFO - sqlalchemy.engine.Engine - BEGIN (implicit)
2026-02-27 21:34:14,141 - INFO - sqlalchemy.engine.Engine - SELECT users.id, users.telegram_id, users.username, users.first_name, users.last_name, users.language_code, users.is_active, users.created_at 
FROM users 
WHERE users.telegram_id = ?
2026-02-27 21:34:14,142 - INFO - sqlalchemy.engine.Engine - [cached since 53.39s ago] (853723374,)
2026-02-27 21:34:14,145 - INFO - sqlalchemy.engine.Engine - COMMIT
2026-02-27 21:34:14,148 - INFO - sqlalchemy.engine.Engine - BEGIN (implicit)
2026-02-27 21:34:14,149 - INFO - sqlalchemy.engine.Engine - SELECT users.id, users.telegram_id, users.username, users.first_name, users.last_name, users.language_code, users.is_active, users.created_at 
FROM users 
WHERE users.id = ?
2026-02-27 21:34:14,151 - INFO - sqlalchemy.engine.Engine - [cached since 53.37s ago] (1,)
2026-02-27 21:34:14,154 - INFO - sqlalchemy.engine.Engine - ROLLBACK
2026-02-27 21:34:14,156 - INFO - bot_activity - User: 853723374 (@jumin_01) | Action: Callback | Content: search_nav:1662:5
2026-02-27 21:34:14,169 - INFO - sqlalchemy.engine.Engine - BEGIN (implicit)
2026-02-27 21:34:14,171 - INFO - sqlalchemy.engine.Engine - SELECT vinyls.id, vinyls.user_id, vinyls.discogs_id, vinyls.title, vinyls.year, vinyls.released, vinyls.country, vinyls.catno, vinyls.notes, vinyls.lowest_price, vinyls.num_for_sale, vinyls.rating_average, vinyls.rating_count, vinyls.have_count, vinyls.want_count, vinyls.genres, vinyls.styles, vinyls.cover_image, vinyls.created_at 
FROM vinyls 
WHERE vinyls.user_id = ? AND vinyls.discogs_id = ?
2026-02-27 21:34:14,173 - INFO - sqlalchemy.engine.Engine - [cached since 29.75s ago] (853723374, 1494286)
2026-02-27 21:34:14,176 - INFO - sqlalchemy.engine.Engine - ROLLBACK
2026-02-27 21:34:16,017 - INFO - aiogram.event - Update id=641782008 is handled. Duration 1875 ms by bot id=8521577266
2026-02-27 21:34:18,771 - INFO - sqlalchemy.engine.Engine - BEGIN (implicit)
2026-02-27 21:34:18,773 - INFO - sqlalchemy.engine.Engine - SELECT users.id, users.telegram_id, users.username, users.first_name, users.last_name, users.language_code, users.is_active, users.created_at 
FROM users 
WHERE users.telegram_id = ?
2026-02-27 21:34:18,774 - INFO - sqlalchemy.engine.Engine - [cached since 58.03s ago] (853723374,)
2026-02-27 21:34:18,778 - INFO - sqlalchemy.engine.Engine - COMMIT
2026-02-27 21:34:18,780 - INFO - sqlalchemy.engine.Engine - BEGIN (implicit)
2026-02-27 21:34:18,782 - INFO - sqlalchemy.engine.Engine - SELECT users.id, users.telegram_id, users.username, users.first_name, users.last_name, users.language_code, users.is_active, users.created_at 
FROM users 
WHERE users.id = ?
2026-02-27 21:34:18,783 - INFO - sqlalchemy.engine.Engine - [cached since 58.01s ago] (1,)
2026-02-27 21:34:18,786 - INFO - sqlalchemy.engine.Engine - ROLLBACK
2026-02-27 21:34:18,787 - INFO - bot_activity - User: 853723374 (@jumin_01) | Action: Callback | Content: search_nav:1662:6
2026-02-27 21:34:18,801 - INFO - sqlalchemy.engine.Engine - BEGIN (implicit)
2026-02-27 21:34:18,803 - INFO - sqlalchemy.engine.Engine - SELECT vinyls.id, vinyls.user_id, vinyls.discogs_id, vinyls.title, vinyls.year, vinyls.released, vinyls.country, vinyls.catno, vinyls.notes, vinyls.lowest_price, vinyls.num_for_sale, vinyls.rating_average, vinyls.rating_count, vinyls.have_count, vinyls.want_count, vinyls.genres, vinyls.styles, vinyls.cover_image, vinyls.created_at 
FROM vinyls 
WHERE vinyls.user_id = ? AND vinyls.discogs_id = ?
2026-02-27 21:34:18,805 - INFO - sqlalchemy.engine.Engine - [cached since 34.38s ago] (853723374, 33116124)
2026-02-27 21:34:18,808 - INFO - sqlalchemy.engine.Engine - ROLLBACK
2026-02-27 21:34:20,280 - INFO - aiogram.event - Update id=641782009 is handled. Duration 1515 ms by bot id=8521577266
2026-02-27 21:34:22,492 - INFO - sqlalchemy.engine.Engine - BEGIN (implicit)
2026-02-27 21:34:22,494 - INFO - sqlalchemy.engine.Engine - SELECT users.id, users.telegram_id, users.username, users.first_name, users.last_name, users.language_code, users.is_active, users.created_at 
FROM users 
WHERE users.telegram_id = ?
2026-02-27 21:34:22,495 - INFO - sqlalchemy.engine.Engine - [cached since 61.75s ago] (853723374,)
2026-02-27 21:34:22,499 - INFO - sqlalchemy.engine.Engine - COMMIT
2026-02-27 21:34:22,502 - INFO - sqlalchemy.engine.Engine - BEGIN (implicit)
2026-02-27 21:34:22,504 - INFO - sqlalchemy.engine.Engine - SELECT users.id, users.telegram_id, users.username, users.first_name, users.last_name, users.language_code, users.is_active, users.created_at 
FROM users 
WHERE users.id = ?
2026-02-27 21:34:22,506 - INFO - sqlalchemy.engine.Engine - [cached since 61.73s ago] (1,)
2026-02-27 21:34:22,510 - INFO - sqlalchemy.engine.Engine - ROLLBACK
2026-02-27 21:34:22,512 - INFO - bot_activity - User: 853723374 (@jumin_01) | Action: Callback | Content: search_nav:1662:5
2026-02-27 21:34:22,533 - INFO - sqlalchemy.engine.Engine - BEGIN (implicit)
2026-02-27 21:34:22,535 - INFO - sqlalchemy.engine.Engine - SELECT vinyls.id, vinyls.user_id, vinyls.discogs_id, vinyls.title, vinyls.year, vinyls.released, vinyls.country, vinyls.catno, vinyls.notes, vinyls.lowest_price, vinyls.num_for_sale, vinyls.rating_average, vinyls.rating_count, vinyls.have_count, vinyls.want_count, vinyls.genres, vinyls.styles, vinyls.cover_image, vinyls.created_at 
FROM vinyls 
WHERE vinyls.user_id = ? AND vinyls.discogs_id = ?
2026-02-27 21:34:22,536 - INFO - sqlalchemy.engine.Engine - [cached since 38.11s ago] (853723374, 1494286)
2026-02-27 21:34:22,541 - INFO - sqlalchemy.engine.Engine - ROLLBACK
2026-02-27 21:34:24,071 - INFO - aiogram.event - Update id=641782010 is handled. Duration 1578 ms by bot id=8521577266
2026-02-27 21:34:29,311 - INFO - sqlalchemy.engine.Engine - BEGIN (implicit)
2026-02-27 21:34:29,312 - INFO - sqlalchemy.engine.Engine - SELECT users.id, users.telegram_id, users.username, users.first_name, users.last_name, users.language_code, users.is_active, users.created_at 
FROM users 
WHERE users.telegram_id = ?
2026-02-27 21:34:29,313 - INFO - sqlalchemy.engine.Engine - [cached since 68.57s ago] (853723374,)
2026-02-27 21:34:29,317 - INFO - sqlalchemy.engine.Engine - COMMIT
2026-02-27 21:34:29,320 - INFO - sqlalchemy.engine.Engine - BEGIN (implicit)
2026-02-27 21:34:29,321 - INFO - sqlalchemy.engine.Engine - SELECT users.id, users.telegram_id, users.username, users.first_name, users.last_name, users.language_code, users.is_active, users.created_at 
FROM users 
WHERE users.id = ?
2026-02-27 21:34:29,323 - INFO - sqlalchemy.engine.Engine - [cached since 68.55s ago] (1,)
2026-02-27 21:34:29,326 - INFO - sqlalchemy.engine.Engine - ROLLBACK
2026-02-27 21:34:29,328 - INFO - bot_activity - User: 853723374 (@jumin_01) | Action: Callback | Content: search_nav:1662:4
2026-02-27 21:34:29,344 - INFO - sqlalchemy.engine.Engine - BEGIN (implicit)
2026-02-27 21:34:29,345 - INFO - sqlalchemy.engine.Engine - SELECT vinyls.id, vinyls.user_id, vinyls.discogs_id, vinyls.title, vinyls.year, vinyls.released, vinyls.country, vinyls.catno, vinyls.notes, vinyls.lowest_price, vinyls.num_for_sale, vinyls.rating_average, vinyls.rating_count, vinyls.have_count, vinyls.want_count, vinyls.genres, vinyls.styles, vinyls.cover_image, vinyls.created_at 
FROM vinyls 
WHERE vinyls.user_id = ? AND vinyls.discogs_id = ?
2026-02-27 21:34:29,347 - INFO - sqlalchemy.engine.Engine - [cached since 44.92s ago] (853723374, 515505)
2026-02-27 21:34:29,352 - INFO - sqlalchemy.engine.Engine - ROLLBACK
2026-02-27 21:34:31,179 - INFO - aiogram.event - Update id=641782011 is handled. Duration 1858 ms by bot id=8521577266
2026-02-27 21:34:33,576 - INFO - sqlalchemy.engine.Engine - BEGIN (implicit)
2026-02-27 21:34:33,577 - INFO - sqlalchemy.engine.Engine - SELECT users.id, users.telegram_id, users.username, users.first_name, users.last_name, users.language_code, users.is_active, users.created_at 
FROM users 
WHERE users.telegram_id = ?
2026-02-27 21:34:33,578 - INFO - sqlalchemy.engine.Engine - [cached since 72.83s ago] (853723374,)
2026-02-27 21:34:33,582 - INFO - sqlalchemy.engine.Engine - COMMIT
2026-02-27 21:34:33,585 - INFO - sqlalchemy.engine.Engine - BEGIN (implicit)
2026-02-27 21:34:33,587 - INFO - sqlalchemy.engine.Engine - SELECT users.id, users.telegram_id, users.username, users.first_name, users.last_name, users.language_code, users.is_active, users.created_at 
FROM users 
WHERE users.id = ?
2026-02-27 21:34:33,589 - INFO - sqlalchemy.engine.Engine - [cached since 72.81s ago] (1,)
2026-02-27 21:34:33,591 - INFO - sqlalchemy.engine.Engine - ROLLBACK
2026-02-27 21:34:33,593 - INFO - bot_activity - User: 853723374 (@jumin_01) | Action: Callback | Content: search_nav:1662:3
2026-02-27 21:34:33,610 - INFO - sqlalchemy.engine.Engine - BEGIN (implicit)
2026-02-27 21:34:33,611 - INFO - sqlalchemy.engine.Engine - SELECT vinyls.id, vinyls.user_id, vinyls.discogs_id, vinyls.title, vinyls.year, vinyls.released, vinyls.country, vinyls.catno, vinyls.notes, vinyls.lowest_price, vinyls.num_for_sale, vinyls.rating_average, vinyls.rating_count, vinyls.have_count, vinyls.want_count, vinyls.genres, vinyls.styles, vinyls.cover_image, vinyls.created_at 
FROM vinyls 
WHERE vinyls.user_id = ? AND vinyls.discogs_id = ?
2026-02-27 21:34:33,613 - INFO - sqlalchemy.engine.Engine - [cached since 49.19s ago] (853723374, 2372270)
2026-02-27 21:34:33,618 - INFO - sqlalchemy.engine.Engine - ROLLBACK
2026-02-27 21:34:35,495 - INFO - aiogram.event - Update id=641782012 is handled. Duration 1921 ms by bot id=8521577266
2026-02-27 21:34:37,856 - INFO - sqlalchemy.engine.Engine - BEGIN (implicit)
2026-02-27 21:34:37,857 - INFO - sqlalchemy.engine.Engine - SELECT users.id, users.telegram_id, users.username, users.first_name, users.last_name, users.language_code, users.is_active, users.created_at 
FROM users 
WHERE users.telegram_id = ?
2026-02-27 21:34:37,858 - INFO - sqlalchemy.engine.Engine - [cached since 77.11s ago] (853723374,)
2026-02-27 21:34:37,862 - INFO - sqlalchemy.engine.Engine - COMMIT
2026-02-27 21:34:37,865 - INFO - sqlalchemy.engine.Engine - BEGIN (implicit)
2026-02-27 21:34:37,867 - INFO - sqlalchemy.engine.Engine - SELECT users.id, users.telegram_id, users.username, users.first_name, users.last_name, users.language_code, users.is_active, users.created_at 
FROM users 
WHERE users.id = ?
2026-02-27 21:34:37,869 - INFO - sqlalchemy.engine.Engine - [cached since 77.09s ago] (1,)
2026-02-27 21:34:37,873 - INFO - sqlalchemy.engine.Engine - ROLLBACK
2026-02-27 21:34:37,875 - INFO - bot_activity - User: 853723374 (@jumin_01) | Action: Callback | Content: search_nav:1662:2
2026-02-27 21:34:37,891 - INFO - sqlalchemy.engine.Engine - BEGIN (implicit)
2026-02-27 21:34:37,892 - INFO - sqlalchemy.engine.Engine - SELECT vinyls.id, vinyls.user_id, vinyls.discogs_id, vinyls.title, vinyls.year, vinyls.released, vinyls.country, vinyls.catno, vinyls.notes, vinyls.lowest_price, vinyls.num_for_sale, vinyls.rating_average, vinyls.rating_count, vinyls.have_count, vinyls.want_count, vinyls.genres, vinyls.styles, vinyls.cover_image, vinyls.created_at 
FROM vinyls 
WHERE vinyls.user_id = ? AND vinyls.discogs_id = ?
2026-02-27 21:34:37,894 - INFO - sqlalchemy.engine.Engine - [cached since 53.47s ago] (853723374, 3970363)
2026-02-27 21:34:37,899 - INFO - sqlalchemy.engine.Engine - ROLLBACK
2026-02-27 21:34:39,364 - INFO - aiogram.event - Update id=641782013 is handled. Duration 1500 ms by bot id=8521577266
2026-02-27 21:34:46,800 - INFO - sqlalchemy.engine.Engine - BEGIN (implicit)
2026-02-27 21:34:46,801 - INFO - sqlalchemy.engine.Engine - SELECT users.id, users.telegram_id, users.username, users.first_name, users.last_name, users.language_code, users.is_active, users.created_at 
FROM users 
WHERE users.telegram_id = ?
2026-02-27 21:34:46,803 - INFO - sqlalchemy.engine.Engine - [cached since 86.05s ago] (853723374,)
2026-02-27 21:34:46,806 - INFO - sqlalchemy.engine.Engine - COMMIT
2026-02-27 21:34:46,809 - INFO - sqlalchemy.engine.Engine - BEGIN (implicit)
2026-02-27 21:34:46,810 - INFO - sqlalchemy.engine.Engine - SELECT users.id, users.telegram_id, users.username, users.first_name, users.last_name, users.language_code, users.is_active, users.created_at 
FROM users 
WHERE users.id = ?
2026-02-27 21:34:46,813 - INFO - sqlalchemy.engine.Engine - [cached since 86.04s ago] (1,)
2026-02-27 21:34:46,815 - INFO - sqlalchemy.engine.Engine - ROLLBACK
2026-02-27 21:34:46,817 - INFO - bot_activity - User: 853723374 (@jumin_01) | Action: Callback | Content: search_add:1662:2
2026-02-27 21:34:46,834 - INFO - sqlalchemy.engine.Engine - BEGIN (implicit)
2026-02-27 21:34:46,836 - INFO - sqlalchemy.engine.Engine - SELECT vinyls.id, vinyls.user_id, vinyls.discogs_id, vinyls.title, vinyls.year, vinyls.released, vinyls.country, vinyls.catno, vinyls.notes, vinyls.lowest_price, vinyls.num_for_sale, vinyls.rating_average, vinyls.rating_count, vinyls.have_count, vinyls.want_count, vinyls.genres, vinyls.styles, vinyls.cover_image, vinyls.created_at 
FROM vinyls 
WHERE vinyls.user_id = ? AND vinyls.discogs_id = ?
2026-02-27 21:34:46,838 - INFO - sqlalchemy.engine.Engine - [cached since 62.41s ago] (853723374, 3970363)
2026-02-27 21:34:46,843 - INFO - sqlalchemy.engine.Engine - ROLLBACK
2026-02-27 21:34:47,023 - INFO - aiogram.event - Update id=641782014 is handled. Duration 219 ms by bot id=8521577266
2026-02-27 21:34:47,879 - INFO - sqlalchemy.engine.Engine - BEGIN (implicit)
2026-02-27 21:34:47,880 - INFO - sqlalchemy.engine.Engine - SELECT users.id, users.telegram_id, users.username, users.first_name, users.last_name, users.language_code, users.is_active, users.created_at 
FROM users 
WHERE users.telegram_id = ?
2026-02-27 21:34:47,881 - INFO - sqlalchemy.engine.Engine - [cached since 87.13s ago] (853723374,)
2026-02-27 21:34:47,886 - INFO - sqlalchemy.engine.Engine - COMMIT
2026-02-27 21:34:47,889 - INFO - sqlalchemy.engine.Engine - BEGIN (implicit)
2026-02-27 21:34:47,890 - INFO - sqlalchemy.engine.Engine - SELECT users.id, users.telegram_id, users.username, users.first_name, users.last_name, users.language_code, users.is_active, users.created_at 
FROM users 
WHERE users.id = ?
2026-02-27 21:34:47,891 - INFO - sqlalchemy.engine.Engine - [cached since 87.11s ago] (1,)
2026-02-27 21:34:47,894 - INFO - sqlalchemy.engine.Engine - ROLLBACK
2026-02-27 21:34:47,895 - INFO - bot_activity - User: 853723374 (@jumin_01) | Action: Callback | Content: search_confirm:1662:2
2026-02-27 21:34:48,393 - INFO - sqlalchemy.engine.Engine - BEGIN (implicit)
2026-02-27 21:34:48,397 - INFO - sqlalchemy.engine.Engine - INSERT INTO vinyls (user_id, discogs_id, title, year, released, country, catno, notes, lowest_price, num_for_sale, rating_average, rating_count, have_count, want_count, genres, styles, cover_image, created_at) VALUES (?, ?, ?, ?, ?, ?, ?, ?, ?, ?, ?, ?, ?, ?, ?, ?, ?, ?)
2026-02-27 21:34:48,398 - INFO - sqlalchemy.engine.Engine - [generated in 0.00162s] (853723374, 3970363, "I Don't Believe In If Anymore", 1970, '1970', 'Netherlands', '6369 200', 'A Record Supervision production\nMade in Holland\nPrinted in Holland', 0.49, 138, 3.06, 18, 524, 17, '["Rock"]', '["Soft Rock"]', 'https://i.discogs.com/bXI2UVNB_THD4nY12TZylR9jwgJ28o8wyBjf2IELEbI/rs:fit/g:sm/q:90/h:598/w:600/czM6Ly9kaXNjb2dz/LWRhdGFiYXNlLWlt/YWdlcy9SLTM5NzAz/NjMtMTU4NTc0MTAz/MS03MjUyLmpwZWc.jpeg', '2026-02-27 21:34:48.390297')
2026-02-27 21:34:48,410 - INFO - sqlalchemy.engine.Engine - COMMIT
2026-02-27 21:34:48,420 - INFO - sqlalchemy.engine.Engine - BEGIN (implicit)
2026-02-27 21:34:48,424 - INFO - sqlalchemy.engine.Engine - SELECT vinyls.id, vinyls.user_id, vinyls.discogs_id, vinyls.title, vinyls.year, vinyls.released, vinyls.country, vinyls.catno, vinyls.notes, vinyls.lowest_price, vinyls.num_for_sale, vinyls.rating_average, vinyls.rating_count, vinyls.have_count, vinyls.want_count, vinyls.genres, vinyls.styles, vinyls.cover_image, vinyls.created_at 
FROM vinyls 
WHERE vinyls.id = ?
2026-02-27 21:34:48,426 - INFO - sqlalchemy.engine.Engine - [generated in 0.00203s] (9,)
2026-02-27 21:34:48,429 - INFO - sqlalchemy.engine.Engine - ROLLBACK
2026-02-27 21:34:48,432 - INFO - sqlalchemy.engine.Engine - BEGIN (implicit)
2026-02-27 21:34:48,434 - INFO - sqlalchemy.engine.Engine - INSERT INTO artists (vinyl_id, name, role, position) VALUES (?, ?, ?, ?)
2026-02-27 21:34:48,435 - INFO - sqlalchemy.engine.Engine - [generated in 0.00134s] (9, 'Roger Whittaker', '', None)
2026-02-27 21:34:48,441 - INFO - sqlalchemy.engine.Engine - COMMIT
2026-02-27 21:34:48,451 - INFO - sqlalchemy.engine.Engine - BEGIN (implicit)
2026-02-27 21:34:48,455 - INFO - sqlalchemy.engine.Engine - INSERT INTO formats (vinyl_id, name, qty, descriptions) VALUES (?, ?, ?, ?)
2026-02-27 21:34:48,456 - INFO - sqlalchemy.engine.Engine - [generated in 0.00116s] (9, 'Vinyl', '1', '["LP", "Album", "Stereo"]')
2026-02-27 21:34:48,463 - INFO - sqlalchemy.engine.Engine - COMMIT
2026-02-27 21:34:48,472 - INFO - sqlalchemy.engine.Engine - BEGIN (implicit)
2026-02-27 21:34:48,474 - INFO - sqlalchemy.engine.Engine - INSERT INTO images (vinyl_id, type, uri, uri150, width, height) VALUES (?, ?, ?, ?, ?, ?)
2026-02-27 21:34:48,476 - INFO - sqlalchemy.engine.Engine - [generated in 0.00151s] (9, 'primary', 'https://i.discogs.com/bXI2UVNB_THD4nY12TZylR9jwgJ28o8wyBjf2IELEbI/rs:fit/g:sm/q:90/h:598/w:600/czM6Ly9kaXNjb2dz/LWRhdGFiYXNlLWlt/YWdlcy9SLTM5NzAz/NjMtMTU4NTc0MTAz/MS03MjUyLmpwZWc.jpeg', 'https://i.discogs.com/xamP5fx4CJA0h7fcFRHMDjj4QEehNwjzYPnMGQIbxg8/rs:fit/g:sm/q:40/h:150/w:150/czM6Ly9kaXNjb2dz/LWRhdGFiYXNlLWlt/YWdlcy9SLTM5NzAz/NjMtMTU4NTc0MTAz/MS03MjUyLmpwZWc.jpeg', 600, 598)
2026-02-27 21:34:48,482 - INFO - sqlalchemy.engine.Engine - COMMIT
2026-02-27 21:34:48,490 - INFO - sqlalchemy.engine.Engine - BEGIN (implicit)
2026-02-27 21:34:48,491 - INFO - sqlalchemy.engine.Engine - INSERT INTO images (vinyl_id, type, uri, uri150, width, height) VALUES (?, ?, ?, ?, ?, ?)
2026-02-27 21:34:48,492 - INFO - sqlalchemy.engine.Engine - [cached since 0.01776s ago] (9, 'secondary', 'https://i.discogs.com/KZCPf_nrKjZ_40LOTgSiEt2E25zD1RU7z7iFZ1Ge0EM/rs:fit/g:sm/q:90/h:600/w:598/czM6Ly9kaXNjb2dz/LWRhdGFiYXNlLWlt/YWdlcy9SLTM5NzAz/NjMtMTQ2NzIyNDEx/MC04MzA5LmpwZWc.jpeg', 'https://i.discogs.com/6i4xo_WmlpEEobWlrcbG5GCFn9Rg2Mys3LopQgo8bS0/rs:fit/g:sm/q:40/h:150/w:150/czM6Ly9kaXNjb2dz/LWRhdGFiYXNlLWlt/YWdlcy9SLTM5NzAz/NjMtMTQ2NzIyNDEx/MC04MzA5LmpwZWc.jpeg', 598, 600)
2026-02-27 21:34:48,497 - INFO - sqlalchemy.engine.Engine - COMMIT
2026-02-27 21:34:48,506 - INFO - sqlalchemy.engine.Engine - BEGIN (implicit)
2026-02-27 21:34:48,507 - INFO - sqlalchemy.engine.Engine - INSERT INTO images (vinyl_id, type, uri, uri150, width, height) VALUES (?, ?, ?, ?, ?, ?)
2026-02-27 21:34:48,508 - INFO - sqlalchemy.engine.Engine - [cached since 0.03382s ago] (9, 'secondary', 'https://i.discogs.com/ha7OApS2DsqGPNa9wB4ToPfCIrfKptz_tISaobkrQ7U/rs:fit/g:sm/q:90/h:600/w:597/czM6Ly9kaXNjb2dz/LWRhdGFiYXNlLWlt/YWdlcy9SLTM5NzAz/NjMtMTQ2NzIyNDEx/MS02OTA0LmpwZWc.jpeg', 'https://i.discogs.com/rX5-1-VvuB0VdMWtvUFKK5OtOvTvuHZILKox77GrffY/rs:fit/g:sm/q:40/h:150/w:150/czM6Ly9kaXNjb2dz/LWRhdGFiYXNlLWlt/YWdlcy9SLTM5NzAz/NjMtMTQ2NzIyNDEx/MS02OTA0LmpwZWc.jpeg', 597, 600)
2026-02-27 21:34:48,513 - INFO - sqlalchemy.engine.Engine - COMMIT
2026-02-27 21:34:48,521 - INFO - sqlalchemy.engine.Engine - BEGIN (implicit)
2026-02-27 21:34:48,523 - INFO - sqlalchemy.engine.Engine - INSERT INTO images (vinyl_id, type, uri, uri150, width, height) VALUES (?, ?, ?, ?, ?, ?)
2026-02-27 21:34:48,523 - INFO - sqlalchemy.engine.Engine - [cached since 0.04912s ago] (9, 'secondary', 'https://i.discogs.com/pvR3McelpxCo4cyxrLyUhvzuk6Ngv20NaI7fUytcZw0/rs:fit/g:sm/q:90/h:600/w:599/czM6Ly9kaXNjb2dz/LWRhdGFiYXNlLWlt/YWdlcy9SLTM5NzAz/NjMtMTQ2NzIyNDEx/MC0zNzcyLmpwZWc.jpeg', 'https://i.discogs.com/GxbCF9LGpvrkMhCOP6YK11l2MQSHNj-GtoWlhnEqEIs/rs:fit/g:sm/q:40/h:150/w:150/czM6Ly9kaXNjb2dz/LWRhdGFiYXNlLWlt/YWdlcy9SLTM5NzAz/NjMtMTQ2NzIyNDEx/MC0zNzcyLmpwZWc.jpeg', 599, 600)
2026-02-27 21:34:48,528 - INFO - sqlalchemy.engine.Engine - COMMIT
2026-02-27 21:34:48,537 - INFO - sqlalchemy.engine.Engine - BEGIN (implicit)
2026-02-27 21:34:48,540 - INFO - sqlalchemy.engine.Engine - INSERT INTO identifiers (vinyl_id, type, value, description) VALUES (?, ?, ?, ?)
2026-02-27 21:34:48,540 - INFO - sqlalchemy.engine.Engine - [generated in 0.00095s] (9, 'Rights Society', 'B.I.E.M.', None)
2026-02-27 21:34:48,546 - INFO - sqlalchemy.engine.Engine - COMMIT
2026-02-27 21:34:48,555 - INFO - sqlalchemy.engine.Engine - BEGIN (implicit)
2026-02-27 21:34:48,556 - INFO - sqlalchemy.engine.Engine - INSERT INTO identifiers (vinyl_id, type, value, description) VALUES (?, ?, ?, ?)
2026-02-27 21:34:48,557 - INFO - sqlalchemy.engine.Engine - [cached since 0.01749s ago] (9, 'Price Code', '10', 'Boxed')
2026-02-27 21:34:48,562 - INFO - sqlalchemy.engine.Engine - COMMIT
2026-02-27 21:34:48,572 - INFO - sqlalchemy.engine.Engine - BEGIN (implicit)
2026-02-27 21:34:48,573 - INFO - sqlalchemy.engine.Engine - INSERT INTO identifiers (vinyl_id, type, value, description) VALUES (?, ?, ?, ?)
2026-02-27 21:34:48,574 - INFO - sqlalchemy.engine.Engine - [cached since 0.03469s ago] (9, 'Matrix / Runout', '6369 200.1 Y', 'Label side A')
2026-02-27 21:34:48,580 - INFO - sqlalchemy.engine.Engine - COMMIT
2026-02-27 21:34:48,588 - INFO - sqlalchemy.engine.Engine - BEGIN (implicit)
2026-02-27 21:34:48,589 - INFO - sqlalchemy.engine.Engine - INSERT INTO identifiers (vinyl_id, type, value, description) VALUES (?, ?, ?, ?)
2026-02-27 21:34:48,590 - INFO - sqlalchemy.engine.Engine - [cached since 0.0508s ago] (9, 'Matrix / Runout', '6369 200.2 Y', 'Label side B')
2026-02-27 21:34:48,595 - INFO - sqlalchemy.engine.Engine - COMMIT
2026-02-27 21:34:48,602 - INFO - sqlalchemy.engine.Engine - BEGIN (implicit)
2026-02-27 21:34:48,604 - INFO - sqlalchemy.engine.Engine - INSERT INTO identifiers (vinyl_id, type, value, description) VALUES (?, ?, ?, ?)
2026-02-27 21:34:48,605 - INFO - sqlalchemy.engine.Engine - [cached since 0.0655s ago] (9, 'Matrix / Runout', 'AA 6369 200 1Y 1 Ⓟ 1970 670 1112', 'Variant 1, runout side A')
2026-02-27 21:34:48,609 - INFO - sqlalchemy.engine.Engine - COMMIT
2026-02-27 21:34:48,617 - INFO - sqlalchemy.engine.Engine - BEGIN (implicit)
2026-02-27 21:34:48,619 - INFO - sqlalchemy.engine.Engine - INSERT INTO identifiers (vinyl_id, type, value, description) VALUES (?, ?, ?, ?)
2026-02-27 21:34:48,620 - INFO - sqlalchemy.engine.Engine - [cached since 0.08049s ago] (9, 'Matrix / Runout', 'AA 6369 200 2Y 1 Ⓟ 1970 670 11·', 'Variant 1, runout side B')
2026-02-27 21:34:48,625 - INFO - sqlalchemy.engine.Engine - COMMIT
2026-02-27 21:34:48,632 - INFO - sqlalchemy.engine.Engine - BEGIN (implicit)
2026-02-27 21:34:48,633 - INFO - sqlalchemy.engine.Engine - INSERT INTO identifiers (vinyl_id, type, value, description) VALUES (?, ?, ?, ?)
2026-02-27 21:34:48,635 - INFO - sqlalchemy.engine.Engine - [cached since 0.09548s ago] (9, 'Matrix / Runout', 'AA 6369 200 1Y 1 Ⓟ 1970 670 144', 'Variant 2, runout side A')
2026-02-27 21:34:48,640 - INFO - sqlalchemy.engine.Engine - COMMIT
2026-02-27 21:34:48,648 - INFO - sqlalchemy.engine.Engine - BEGIN (implicit)
2026-02-27 21:34:48,649 - INFO - sqlalchemy.engine.Engine - INSERT INTO identifiers (vinyl_id, type, value, description) VALUES (?, ?, ?, ?)
2026-02-27 21:34:48,650 - INFO - sqlalchemy.engine.Engine - [cached since 0.111s ago] (9, 'Matrix / Runout', 'AA 6369 200 2Y 1 Ⓟ 1970 670 11120', 'Variant 2, runout side B')
2026-02-27 21:34:48,656 - INFO - sqlalchemy.engine.Engine - COMMIT
2026-02-27 21:34:48,664 - INFO - sqlalchemy.engine.Engine - BEGIN (implicit)
2026-02-27 21:34:48,665 - INFO - sqlalchemy.engine.Engine - INSERT INTO identifiers (vinyl_id, type, value, description) VALUES (?, ?, ?, ?)
2026-02-27 21:34:48,666 - INFO - sqlalchemy.engine.Engine - [cached since 0.1268s ago] (9, 'Matrix / Runout', 'AA 6369 200 1Y 1 Ⓟ 1970 670 1130', 'Variant 3, runout side A')
2026-02-27 21:34:48,672 - INFO - sqlalchemy.engine.Engine - COMMIT
2026-02-27 21:34:48,681 - INFO - sqlalchemy.engine.Engine - BEGIN (implicit)
2026-02-27 21:34:48,682 - INFO - sqlalchemy.engine.Engine - INSERT INTO identifiers (vinyl_id, type, value, description) VALUES (?, ?, ?, ?)
2026-02-27 21:34:48,683 - INFO - sqlalchemy.engine.Engine - [cached since 0.143s ago] (9, 'Matrix / Runout', 'AA 6369 200 2Y 1 Ⓟ 1970 670 11120', 'Variant 3, runout side B')
2026-02-27 21:34:48,688 - INFO - sqlalchemy.engine.Engine - COMMIT
2026-02-27 21:34:48,696 - INFO - sqlalchemy.engine.Engine - BEGIN (implicit)
2026-02-27 21:34:48,698 - INFO - sqlalchemy.engine.Engine - INSERT INTO tracks (vinyl_id, position, title, duration) VALUES (?, ?, ?, ?)
2026-02-27 21:34:48,699 - INFO - sqlalchemy.engine.Engine - [generated in 0.00088s] (9, 'A1', 'Mistral', '')
2026-02-27 21:34:48,705 - INFO - sqlalchemy.engine.Engine - COMMIT
2026-02-27 21:34:48,713 - INFO - sqlalchemy.engine.Engine - BEGIN (implicit)
2026-02-27 21:34:48,714 - INFO - sqlalchemy.engine.Engine - INSERT INTO tracks (vinyl_id, position, title, duration) VALUES (?, ?, ?, ?)
2026-02-27 21:34:48,715 - INFO - sqlalchemy.engine.Engine - [cached since 0.01736s ago] (9, 'A2', 'Emily', '')
2026-02-27 21:34:48,720 - INFO - sqlalchemy.engine.Engine - COMMIT
2026-02-27 21:34:48,728 - INFO - sqlalchemy.engine.Engine - BEGIN (implicit)
2026-02-27 21:34:48,729 - INFO - sqlalchemy.engine.Engine - INSERT INTO tracks (vinyl_id, position, title, duration) VALUES (?, ?, ?, ?)
2026-02-27 21:34:48,730 - INFO - sqlalchemy.engine.Engine - [cached since 0.03277s ago] (9, 'A3', 'Flap Flap', '')
2026-02-27 21:34:48,735 - INFO - sqlalchemy.engine.Engine - COMMIT
2026-02-27 21:34:48,744 - INFO - sqlalchemy.engine.Engine - BEGIN (implicit)
2026-02-27 21:34:48,745 - INFO - sqlalchemy.engine.Engine - INSERT INTO tracks (vinyl_id, position, title, duration) VALUES (?, ?, ?, ?)
2026-02-27 21:34:48,746 - INFO - sqlalchemy.engine.Engine - [cached since 0.04888s ago] (9, 'A4', 'Finnish Whistler', '')
2026-02-27 21:34:48,750 - INFO - sqlalchemy.engine.Engine - COMMIT
2026-02-27 21:34:48,758 - INFO - sqlalchemy.engine.Engine - BEGIN (implicit)
2026-02-27 21:34:48,760 - INFO - sqlalchemy.engine.Engine - INSERT INTO tracks (vinyl_id, position, title, duration) VALUES (?, ?, ?, ?)
2026-02-27 21:34:48,760 - INFO - sqlalchemy.engine.Engine - [cached since 0.06329s ago] (9, 'A5', 'The Book', '')
2026-02-27 21:34:48,764 - INFO - sqlalchemy.engine.Engine - COMMIT
2026-02-27 21:34:48,774 - INFO - sqlalchemy.engine.Engine - BEGIN (implicit)
2026-02-27 21:34:48,775 - INFO - sqlalchemy.engine.Engine - INSERT INTO tracks (vinyl_id, position, title, duration) VALUES (?, ?, ?, ?)
2026-02-27 21:34:48,775 - INFO - sqlalchemy.engine.Engine - [cached since 0.07748s ago] (9, 'A6', "I Don't Believe In If Anymore", '')
2026-02-27 21:34:48,779 - INFO - sqlalchemy.engine.Engine - COMMIT
2026-02-27 21:34:48,788 - INFO - sqlalchemy.engine.Engine - BEGIN (implicit)
2026-02-27 21:34:48,789 - INFO - sqlalchemy.engine.Engine - INSERT INTO tracks (vinyl_id, position, title, duration) VALUES (?, ?, ?, ?)
2026-02-27 21:34:48,790 - INFO - sqlalchemy.engine.Engine - [cached since 0.09194s ago] (9, 'B1', 'I Should Have Taken My Time', '')
2026-02-27 21:34:48,793 - INFO - sqlalchemy.engine.Engine - COMMIT
2026-02-27 21:34:48,804 - INFO - sqlalchemy.engine.Engine - BEGIN (implicit)
2026-02-27 21:34:48,805 - INFO - sqlalchemy.engine.Engine - INSERT INTO tracks (vinyl_id, position, title, duration) VALUES (?, ?, ?, ?)
2026-02-27 21:34:48,809 - INFO - sqlalchemy.engine.Engine - [cached since 0.1106s ago] (9, 'B2', 'Lullaby For My Love (Berceuse Pour Mon Amour)', '')
2026-02-27 21:34:48,839 - INFO - sqlalchemy.engine.Engine - COMMIT
2026-02-27 21:34:48,849 - INFO - sqlalchemy.engine.Engine - BEGIN (implicit)
2026-02-27 21:34:48,851 - INFO - sqlalchemy.engine.Engine - INSERT INTO tracks (vinyl_id, position, title, duration) VALUES (?, ?, ?, ?)
2026-02-27 21:34:48,853 - INFO - sqlalchemy.engine.Engine - [cached since 0.1551s ago] (9, 'B3', 'Festival', '')
2026-02-27 21:34:48,861 - INFO - sqlalchemy.engine.Engine - COMMIT
2026-02-27 21:34:48,874 - INFO - sqlalchemy.engine.Engine - BEGIN (implicit)
2026-02-27 21:34:48,876 - INFO - sqlalchemy.engine.Engine - INSERT INTO tracks (vinyl_id, position, title, duration) VALUES (?, ?, ?, ?)
2026-02-27 21:34:48,878 - INFO - sqlalchemy.engine.Engine - [cached since 0.1808s ago] (9, 'B4', 'Swaggy', '')
2026-02-27 21:34:48,884 - INFO - sqlalchemy.engine.Engine - COMMIT
2026-02-27 21:34:48,894 - INFO - sqlalchemy.engine.Engine - BEGIN (implicit)
2026-02-27 21:34:48,896 - INFO - sqlalchemy.engine.Engine - INSERT INTO tracks (vinyl_id, position, title, duration) VALUES (?, ?, ?, ?)
2026-02-27 21:34:48,898 - INFO - sqlalchemy.engine.Engine - [cached since 0.2004s ago] (9, 'B5', 'Sugar My Tea', '')
2026-02-27 21:34:48,905 - INFO - sqlalchemy.engine.Engine - COMMIT
2026-02-27 21:34:48,913 - INFO - sqlalchemy.engine.Engine - BEGIN (implicit)
2026-02-27 21:34:48,915 - INFO - sqlalchemy.engine.Engine - INSERT INTO tracks (vinyl_id, position, title, duration) VALUES (?, ?, ?, ?)
2026-02-27 21:34:48,916 - INFO - sqlalchemy.engine.Engine - [cached since 0.2185s ago] (9, 'B6', 'Halfway Up The Mountain', '')
2026-02-27 21:34:48,921 - INFO - sqlalchemy.engine.Engine - COMMIT
2026-02-27 21:34:49,252 - INFO - aiogram.event - Update id=641782015 is handled. Duration 1375 ms by bot id=8521577266
2026-02-27 21:34:50,585 - INFO - sqlalchemy.engine.Engine - BEGIN (implicit)
2026-02-27 21:34:50,586 - INFO - sqlalchemy.engine.Engine - SELECT users.id AS users_id, users.telegram_id AS users_telegram_id, users.username AS users_username, users.first_name AS users_first_name, users.last_name AS users_last_name, users.language_code AS users_language_code, users.is_active AS users_is_active, users.created_at AS users_created_at 
FROM users 
WHERE users.id = ?
2026-02-27 21:34:50,588 - INFO - sqlalchemy.engine.Engine - [cached since 110.8s ago] (1,)
2026-02-27 21:34:50,591 - INFO - sqlalchemy.engine.Engine - SELECT count(vinyls.id) AS count_1 
FROM vinyls 
WHERE vinyls.user_id = ?
2026-02-27 21:34:50,592 - INFO - sqlalchemy.engine.Engine - [cached since 110.8s ago] (853723374,)
2026-02-27 21:34:50,596 - INFO - sqlalchemy.engine.Engine - SELECT vinyls.id, vinyls.user_id, vinyls.discogs_id, vinyls.title, vinyls.year, vinyls.released, vinyls.country, vinyls.catno, vinyls.notes, vinyls.lowest_price, vinyls.num_for_sale, vinyls.rating_average, vinyls.rating_count, vinyls.have_count, vinyls.want_count, vinyls.genres, vinyls.styles, vinyls.cover_image, vinyls.created_at 
FROM vinyls 
WHERE vinyls.user_id = ? ORDER BY vinyls.created_at DESC
2026-02-27 21:34:50,598 - INFO - sqlalchemy.engine.Engine - [cached since 110.8s ago] (853723374,)
2026-02-27 21:34:50,602 - INFO - sqlalchemy.engine.Engine - ROLLBACK
2026-02-27 21:35:26,639 - INFO - sqlalchemy.engine.Engine - BEGIN (implicit)
2026-02-27 21:35:26,641 - INFO - sqlalchemy.engine.Engine - SELECT users.id, users.telegram_id, users.username, users.first_name, users.last_name, users.language_code, users.is_active, users.created_at 
FROM users ORDER BY users.id
2026-02-27 21:35:26,643 - INFO - sqlalchemy.engine.Engine - [cached since 151.7s ago] ()
2026-02-27 21:35:26,647 - INFO - sqlalchemy.engine.Engine - ROLLBACK
2026-02-27 21:35:28,232 - INFO - sqlalchemy.engine.Engine - BEGIN (implicit)
2026-02-27 21:35:28,234 - INFO - sqlalchemy.engine.Engine - SELECT users.id AS users_id, users.telegram_id AS users_telegram_id, users.username AS users_username, users.first_name AS users_first_name, users.last_name AS users_last_name, users.language_code AS users_language_code, users.is_active AS users_is_active, users.created_at AS users_created_at 
FROM users 
WHERE users.id = ?
2026-02-27 21:35:28,237 - INFO - sqlalchemy.engine.Engine - [cached since 148.5s ago] (2,)
2026-02-27 21:35:28,244 - INFO - sqlalchemy.engine.Engine - SELECT count(vinyls.id) AS count_1 
FROM vinyls 
WHERE vinyls.user_id = ?
2026-02-27 21:35:28,246 - INFO - sqlalchemy.engine.Engine - [cached since 148.5s ago] (7917277814,)
2026-02-27 21:35:28,251 - INFO - sqlalchemy.engine.Engine - SELECT vinyls.id, vinyls.user_id, vinyls.discogs_id, vinyls.title, vinyls.year, vinyls.released, vinyls.country, vinyls.catno, vinyls.notes, vinyls.lowest_price, vinyls.num_for_sale, vinyls.rating_average, vinyls.rating_count, vinyls.have_count, vinyls.want_count, vinyls.genres, vinyls.styles, vinyls.cover_image, vinyls.created_at 
FROM vinyls 
WHERE vinyls.user_id = ? ORDER BY vinyls.created_at DESC
2026-02-27 21:35:28,254 - INFO - sqlalchemy.engine.Engine - [cached since 148.5s ago] (7917277814,)
2026-02-27 21:35:28,258 - INFO - sqlalchemy.engine.Engine - ROLLBACK
2026-02-27 21:35:31,136 - INFO - sqlalchemy.engine.Engine - BEGIN (implicit)
2026-02-27 21:35:31,137 - INFO - sqlalchemy.engine.Engine - SELECT users.id, users.telegram_id, users.username, users.first_name, users.last_name, users.language_code, users.is_active, users.created_at 
FROM users ORDER BY users.id
2026-02-27 21:35:31,139 - INFO - sqlalchemy.engine.Engine - [cached since 156.2s ago] ()
2026-02-27 21:35:31,144 - INFO - sqlalchemy.engine.Engine - ROLLBACK
2026-02-27 21:35:32,651 - INFO - sqlalchemy.engine.Engine - BEGIN (implicit)
2026-02-27 21:35:32,653 - INFO - sqlalchemy.engine.Engine - SELECT users.id AS users_id, users.telegram_id AS users_telegram_id, users.username AS users_username, users.first_name AS users_first_name, users.last_name AS users_last_name, users.language_code AS users_language_code, users.is_active AS users_is_active, users.created_at AS users_created_at 
FROM users 
WHERE users.id = ?
2026-02-27 21:35:32,656 - INFO - sqlalchemy.engine.Engine - [cached since 152.9s ago] (2,)
2026-02-27 21:35:32,662 - INFO - sqlalchemy.engine.Engine - SELECT count(vinyls.id) AS count_1 
FROM vinyls 
WHERE vinyls.user_id = ?
2026-02-27 21:35:32,664 - INFO - sqlalchemy.engine.Engine - [cached since 152.9s ago] (7917277814,)
2026-02-27 21:35:32,672 - INFO - sqlalchemy.engine.Engine - SELECT vinyls.id, vinyls.user_id, vinyls.discogs_id, vinyls.title, vinyls.year, vinyls.released, vinyls.country, vinyls.catno, vinyls.notes, vinyls.lowest_price, vinyls.num_for_sale, vinyls.rating_average, vinyls.rating_count, vinyls.have_count, vinyls.want_count, vinyls.genres, vinyls.styles, vinyls.cover_image, vinyls.created_at 
FROM vinyls 
WHERE vinyls.user_id = ? ORDER BY vinyls.created_at DESC
2026-02-27 21:35:32,675 - INFO - sqlalchemy.engine.Engine - [cached since 152.9s ago] (7917277814,)
2026-02-27 21:35:32,680 - INFO - sqlalchemy.engine.Engine - ROLLBACK
2026-02-27 21:35:33,995 - INFO - sqlalchemy.engine.Engine - BEGIN (implicit)
2026-02-27 21:35:33,997 - INFO - sqlalchemy.engine.Engine - SELECT users.id, users.telegram_id, users.username, users.first_name, users.last_name, users.language_code, users.is_active, users.created_at 
FROM users ORDER BY users.id
2026-02-27 21:35:33,999 - INFO - sqlalchemy.engine.Engine - [cached since 159.1s ago] ()
2026-02-27 21:35:34,004 - INFO - sqlalchemy.engine.Engine - ROLLBACK
2026-02-27 21:35:48,448 - INFO - sqlalchemy.engine.Engine - BEGIN (implicit)
2026-02-27 21:35:48,449 - INFO - sqlalchemy.engine.Engine - SELECT users.id, users.telegram_id, users.username, users.first_name, users.last_name, users.language_code, users.is_active, users.created_at 
FROM users ORDER BY users.id
2026-02-27 21:35:48,451 - INFO - sqlalchemy.engine.Engine - [cached since 173.5s ago] ()
2026-02-27 21:35:48,456 - INFO - sqlalchemy.engine.Engine - ROLLBACK
2026-02-27 21:35:50,469 - INFO - sqlalchemy.engine.Engine - BEGIN (implicit)
2026-02-27 21:35:50,472 - INFO - sqlalchemy.engine.Engine - SELECT count(users.id) AS count_1 
FROM users
2026-02-27 21:35:50,473 - INFO - sqlalchemy.engine.Engine - [generated in 0.00152s] ()
2026-02-27 21:35:50,482 - INFO - sqlalchemy.engine.Engine - SELECT count(vinyls.id) AS count_1 
FROM vinyls
2026-02-27 21:35:50,483 - INFO - sqlalchemy.engine.Engine - [generated in 0.00158s] ()
2026-02-27 21:35:50,491 - INFO - sqlalchemy.engine.Engine - SELECT users.id, users.telegram_id, users.username, users.first_name, users.last_name, users.language_code, users.is_active, users.created_at 
FROM users ORDER BY users.created_at DESC
 LIMIT ? OFFSET ?
2026-02-27 21:35:50,492 - INFO - sqlalchemy.engine.Engine - [generated in 0.00173s] (5, 0)
2026-02-27 21:35:50,496 - INFO - sqlalchemy.engine.Engine - ROLLBACK
2026-02-27 21:35:50,499 - INFO - sqlalchemy.engine.Engine - BEGIN (implicit)
2026-02-27 21:35:50,505 - INFO - sqlalchemy.engine.Engine - SELECT date(users.created_at) AS date_1, count(users.id) AS count_1 
FROM users 
WHERE users.created_at >= ? GROUP BY date(users.created_at)
2026-02-27 21:35:50,507 - INFO - sqlalchemy.engine.Engine - [generated in 0.00220s] ('2026-02-20 21:35:50.498108',)
2026-02-27 21:35:50,515 - INFO - sqlalchemy.engine.Engine - SELECT date(vinyls.created_at) AS date_1, count(vinyls.id) AS count_1 
FROM vinyls 
WHERE vinyls.created_at >= ? GROUP BY date(vinyls.created_at)
2026-02-27 21:35:50,517 - INFO - sqlalchemy.engine.Engine - [generated in 0.00145s] ('2026-02-20 21:35:50.498108',)
2026-02-27 21:35:50,531 - INFO - sqlalchemy.engine.Engine - ROLLBACK
2026-02-27 21:36:19,557 - INFO - sqlalchemy.engine.Engine - BEGIN (implicit)
2026-02-27 21:36:19,559 - INFO - sqlalchemy.engine.Engine - SELECT count(users.id) AS count_1 
FROM users
2026-02-27 21:36:19,560 - INFO - sqlalchemy.engine.Engine - [cached since 29.09s ago] ()
2026-02-27 21:36:19,567 - INFO - sqlalchemy.engine.Engine - SELECT count(vinyls.id) AS count_1 
FROM vinyls
2026-02-27 21:36:19,568 - INFO - sqlalchemy.engine.Engine - [cached since 29.09s ago] ()
2026-02-27 21:36:19,577 - INFO - sqlalchemy.engine.Engine - SELECT users.id, users.telegram_id, users.username, users.first_name, users.last_name, users.language_code, users.is_active, users.created_at 
FROM users ORDER BY users.created_at DESC
 LIMIT ? OFFSET ?
2026-02-27 21:36:19,579 - INFO - sqlalchemy.engine.Engine - [cached since 29.09s ago] (5, 0)
2026-02-27 21:36:19,585 - INFO - sqlalchemy.engine.Engine - ROLLBACK
2026-02-27 21:36:19,588 - INFO - sqlalchemy.engine.Engine - BEGIN (implicit)
2026-02-27 21:36:19,593 - INFO - sqlalchemy.engine.Engine - SELECT strftime(?, users.created_at) AS strftime_1, count(users.id) AS count_1 
FROM users GROUP BY strftime(?, users.created_at)
2026-02-27 21:36:19,595 - INFO - sqlalchemy.engine.Engine - [generated in 0.00285s] ('%Y-%m', '%Y-%m')
2026-02-27 21:36:19,606 - INFO - sqlalchemy.engine.Engine - SELECT strftime(?, vinyls.created_at) AS strftime_1, count(vinyls.id) AS count_1 
FROM vinyls GROUP BY strftime(?, vinyls.created_at)
2026-02-27 21:36:19,606 - INFO - sqlalchemy.engine.Engine - [generated in 0.00127s] ('%Y-%m', '%Y-%m')
2026-02-27 21:36:19,612 - INFO - sqlalchemy.engine.Engine - ROLLBACK
2026-02-27 21:36:24,094 - INFO - sqlalchemy.engine.Engine - BEGIN (implicit)
2026-02-27 21:36:24,096 - INFO - sqlalchemy.engine.Engine - SELECT count(users.id) AS count_1 
FROM users
2026-02-27 21:36:24,098 - INFO - sqlalchemy.engine.Engine - [cached since 33.63s ago] ()
2026-02-27 21:36:24,103 - INFO - sqlalchemy.engine.Engine - SELECT count(vinyls.id) AS count_1 
FROM vinyls
2026-02-27 21:36:24,105 - INFO - sqlalchemy.engine.Engine - [cached since 33.62s ago] ()
2026-02-27 21:36:24,113 - INFO - sqlalchemy.engine.Engine - SELECT users.id, users.telegram_id, users.username, users.first_name, users.last_name, users.language_code, users.is_active, users.created_at 
FROM users ORDER BY users.created_at DESC
 LIMIT ? OFFSET ?
2026-02-27 21:36:24,115 - INFO - sqlalchemy.engine.Engine - [cached since 33.62s ago] (5, 0)
2026-02-27 21:36:24,120 - INFO - sqlalchemy.engine.Engine - ROLLBACK
2026-02-27 21:36:24,124 - INFO - sqlalchemy.engine.Engine - BEGIN (implicit)
2026-02-27 21:36:24,128 - INFO - sqlalchemy.engine.Engine - SELECT strftime(?, users.created_at) AS strftime_1, count(users.id) AS count_1 
FROM users 
WHERE users.created_at >= ? GROUP BY strftime(?, users.created_at)
2026-02-27 21:36:24,130 - INFO - sqlalchemy.engine.Engine - [generated in 0.00212s] ('%Y-%m', '2025-02-27 21:36:24.121301', '%Y-%m')
2026-02-27 21:36:24,137 - INFO - sqlalchemy.engine.Engine - SELECT strftime(?, vinyls.created_at) AS strftime_1, count(vinyls.id) AS count_1 
FROM vinyls 
WHERE vinyls.created_at >= ? GROUP BY strftime(?, vinyls.created_at)
2026-02-27 21:36:24,139 - INFO - sqlalchemy.engine.Engine - [generated in 0.00200s] ('%Y-%m', '2025-02-27 21:36:24.121301', '%Y-%m')
2026-02-27 21:36:24,146 - INFO - sqlalchemy.engine.Engine - ROLLBACK
2026-02-27 21:36:25,887 - INFO - sqlalchemy.engine.Engine - BEGIN (implicit)
2026-02-27 21:36:25,889 - INFO - sqlalchemy.engine.Engine - SELECT count(users.id) AS count_1 
FROM users
2026-02-27 21:36:25,890 - INFO - sqlalchemy.engine.Engine - [cached since 35.42s ago] ()
2026-02-27 21:36:25,895 - INFO - sqlalchemy.engine.Engine - SELECT count(vinyls.id) AS count_1 
FROM vinyls
2026-02-27 21:36:25,896 - INFO - sqlalchemy.engine.Engine - [cached since 35.41s ago] ()
2026-02-27 21:36:25,902 - INFO - sqlalchemy.engine.Engine - SELECT users.id, users.telegram_id, users.username, users.first_name, users.last_name, users.language_code, users.is_active, users.created_at 
FROM users ORDER BY users.created_at DESC
 LIMIT ? OFFSET ?
2026-02-27 21:36:25,904 - INFO - sqlalchemy.engine.Engine - [cached since 35.41s ago] (5, 0)
2026-02-27 21:36:25,909 - INFO - sqlalchemy.engine.Engine - ROLLBACK
2026-02-27 21:36:25,912 - INFO - sqlalchemy.engine.Engine - BEGIN (implicit)
2026-02-27 21:36:25,914 - INFO - sqlalchemy.engine.Engine - SELECT date(users.created_at) AS date_1, count(users.id) AS count_1 
FROM users 
WHERE users.created_at >= ? GROUP BY date(users.created_at)
2026-02-27 21:36:25,916 - INFO - sqlalchemy.engine.Engine - [cached since 35.41s ago] ('2026-01-28 21:36:25.911611',)
2026-02-27 21:36:25,920 - INFO - sqlalchemy.engine.Engine - SELECT date(vinyls.created_at) AS date_1, count(vinyls.id) AS count_1 
FROM vinyls 
WHERE vinyls.created_at >= ? GROUP BY date(vinyls.created_at)
2026-02-27 21:36:25,922 - INFO - sqlalchemy.engine.Engine - [cached since 35.41s ago] ('2026-01-28 21:36:25.911611',)
2026-02-27 21:36:25,928 - INFO - sqlalchemy.engine.Engine - ROLLBACK
2026-02-27 21:36:31,228 - INFO - sqlalchemy.engine.Engine - BEGIN (implicit)
2026-02-27 21:36:31,230 - INFO - sqlalchemy.engine.Engine - SELECT count(users.id) AS count_1 
FROM users
2026-02-27 21:36:31,231 - INFO - sqlalchemy.engine.Engine - [cached since 40.76s ago] ()
2026-02-27 21:36:31,237 - INFO - sqlalchemy.engine.Engine - SELECT count(vinyls.id) AS count_1 
FROM vinyls
2026-02-27 21:36:31,239 - INFO - sqlalchemy.engine.Engine - [cached since 40.76s ago] ()
2026-02-27 21:36:31,244 - INFO - sqlalchemy.engine.Engine - SELECT users.id, users.telegram_id, users.username, users.first_name, users.last_name, users.language_code, users.is_active, users.created_at 
FROM users ORDER BY users.created_at DESC
 LIMIT ? OFFSET ?
2026-02-27 21:36:31,246 - INFO - sqlalchemy.engine.Engine - [cached since 40.76s ago] (5, 0)
2026-02-27 21:36:31,250 - INFO - sqlalchemy.engine.Engine - ROLLBACK
2026-02-27 21:36:31,254 - INFO - sqlalchemy.engine.Engine - BEGIN (implicit)
2026-02-27 21:36:31,256 - INFO - sqlalchemy.engine.Engine - SELECT strftime(?, users.created_at) AS strftime_1, count(users.id) AS count_1 
FROM users 
WHERE users.created_at >= ? GROUP BY strftime(?, users.created_at)
2026-02-27 21:36:31,258 - INFO - sqlalchemy.engine.Engine - [cached since 7.13s ago] ('%Y-%m', '2025-02-27 21:36:31.253469', '%Y-%m')
2026-02-27 21:36:31,263 - INFO - sqlalchemy.engine.Engine - SELECT strftime(?, vinyls.created_at) AS strftime_1, count(vinyls.id) AS count_1 
FROM vinyls 
WHERE vinyls.created_at >= ? GROUP BY strftime(?, vinyls.created_at)
2026-02-27 21:36:31,265 - INFO - sqlalchemy.engine.Engine - [cached since 7.128s ago] ('%Y-%m', '2025-02-27 21:36:31.253469', '%Y-%m')
2026-02-27 21:36:31,272 - INFO - sqlalchemy.engine.Engine - ROLLBACK
2026-02-27 21:36:37,837 - INFO - sqlalchemy.engine.Engine - BEGIN (implicit)
2026-02-27 21:36:37,838 - INFO - sqlalchemy.engine.Engine - SELECT users.id, users.telegram_id, users.username, users.first_name, users.last_name, users.language_code, users.is_active, users.created_at 
FROM users ORDER BY users.id
2026-02-27 21:36:37,839 - INFO - sqlalchemy.engine.Engine - [cached since 222.9s ago] ()
2026-02-27 21:36:37,844 - INFO - sqlalchemy.engine.Engine - ROLLBACK
2026-02-27 21:36:39,226 - INFO - sqlalchemy.engine.Engine - BEGIN (implicit)
2026-02-27 21:36:39,228 - INFO - sqlalchemy.engine.Engine - SELECT count(users.id) AS count_1 
FROM users
2026-02-27 21:36:39,229 - INFO - sqlalchemy.engine.Engine - [cached since 48.76s ago] ()
2026-02-27 21:36:39,233 - INFO - sqlalchemy.engine.Engine - SELECT count(vinyls.id) AS count_1 
FROM vinyls
2026-02-27 21:36:39,234 - INFO - sqlalchemy.engine.Engine - [cached since 48.75s ago] ()
2026-02-27 21:36:39,239 - INFO - sqlalchemy.engine.Engine - SELECT users.id, users.telegram_id, users.username, users.first_name, users.last_name, users.language_code, users.is_active, users.created_at 
FROM users ORDER BY users.created_at DESC
 LIMIT ? OFFSET ?
2026-02-27 21:36:39,241 - INFO - sqlalchemy.engine.Engine - [cached since 48.75s ago] (5, 0)
2026-02-27 21:36:39,246 - INFO - sqlalchemy.engine.Engine - ROLLBACK
2026-02-27 21:36:39,249 - INFO - sqlalchemy.engine.Engine - BEGIN (implicit)
2026-02-27 21:36:39,251 - INFO - sqlalchemy.engine.Engine - SELECT date(users.created_at) AS date_1, count(users.id) AS count_1 
FROM users 
WHERE users.created_at >= ? GROUP BY date(users.created_at)
2026-02-27 21:36:39,252 - INFO - sqlalchemy.engine.Engine - [cached since 48.75s ago] ('2026-02-20 21:36:39.248498',)
2026-02-27 21:36:39,258 - INFO - sqlalchemy.engine.Engine - SELECT date(vinyls.created_at) AS date_1, count(vinyls.id) AS count_1 
FROM vinyls 
WHERE vinyls.created_at >= ? GROUP BY date(vinyls.created_at)
2026-02-27 21:36:39,260 - INFO - sqlalchemy.engine.Engine - [cached since 48.75s ago] ('2026-02-20 21:36:39.248498',)
2026-02-27 21:36:39,267 - INFO - sqlalchemy.engine.Engine - ROLLBACK
2026-02-27 21:36:58,866 - INFO - sqlalchemy.engine.Engine - BEGIN (implicit)
2026-02-27 21:36:58,867 - INFO - sqlalchemy.engine.Engine - SELECT users.id, users.telegram_id, users.username, users.first_name, users.last_name, users.language_code, users.is_active, users.created_at 
FROM users ORDER BY users.id
2026-02-27 21:36:58,869 - INFO - sqlalchemy.engine.Engine - [cached since 244s ago] ()
2026-02-27 21:36:58,875 - INFO - sqlalchemy.engine.Engine - ROLLBACK
2026-02-27 21:37:14,807 - INFO - sqlalchemy.engine.Engine - BEGIN (implicit)
2026-02-27 21:37:14,808 - INFO - sqlalchemy.engine.Engine - SELECT users.id, users.telegram_id, users.username, users.first_name, users.last_name, users.language_code, users.is_active, users.created_at 
FROM users ORDER BY users.id
2026-02-27 21:37:14,810 - INFO - sqlalchemy.engine.Engine - [cached since 259.9s ago] ()
2026-02-27 21:37:14,816 - INFO - sqlalchemy.engine.Engine - ROLLBACK
2026-02-27 21:37:26,323 - INFO - sqlalchemy.engine.Engine - BEGIN (implicit)
2026-02-27 21:37:26,325 - INFO - sqlalchemy.engine.Engine - SELECT count(users.id) AS count_1 
FROM users
2026-02-27 21:37:26,327 - INFO - sqlalchemy.engine.Engine - [cached since 95.86s ago] ()
2026-02-27 21:37:26,331 - INFO - sqlalchemy.engine.Engine - SELECT count(vinyls.id) AS count_1 
FROM vinyls
2026-02-27 21:37:26,332 - INFO - sqlalchemy.engine.Engine - [cached since 95.85s ago] ()
2026-02-27 21:37:26,335 - INFO - sqlalchemy.engine.Engine - SELECT users.id, users.telegram_id, users.username, users.first_name, users.last_name, users.language_code, users.is_active, users.created_at 
FROM users ORDER BY users.created_at DESC
 LIMIT ? OFFSET ?
2026-02-27 21:37:26,337 - INFO - sqlalchemy.engine.Engine - [cached since 95.85s ago] (5, 0)
2026-02-27 21:37:26,342 - INFO - sqlalchemy.engine.Engine - ROLLBACK
2026-02-27 21:37:26,346 - INFO - sqlalchemy.engine.Engine - BEGIN (implicit)
2026-02-27 21:37:26,348 - INFO - sqlalchemy.engine.Engine - SELECT date(users.created_at) AS date_1, count(users.id) AS count_1 
FROM users 
WHERE users.created_at >= ? GROUP BY date(users.created_at)
2026-02-27 21:37:26,350 - INFO - sqlalchemy.engine.Engine - [cached since 95.85s ago] ('2026-02-20 21:37:26.345664',)
2026-02-27 21:37:26,356 - INFO - sqlalchemy.engine.Engine - SELECT date(vinyls.created_at) AS date_1, count(vinyls.id) AS count_1 
FROM vinyls 
WHERE vinyls.created_at >= ? GROUP BY date(vinyls.created_at)
2026-02-27 21:37:26,358 - INFO - sqlalchemy.engine.Engine - [cached since 95.84s ago] ('2026-02-20 21:37:26.345664',)
2026-02-27 21:37:26,363 - INFO - sqlalchemy.engine.Engine - ROLLBACK
2026-02-27 21:39:01,935 - INFO - sqlalchemy.engine.Engine - BEGIN (implicit)
2026-02-27 21:39:01,936 - INFO - sqlalchemy.engine.Engine - SELECT users.id, users.telegram_id, users.username, users.first_name, users.last_name, users.language_code, users.is_active, users.created_at 
FROM users ORDER BY users.id
2026-02-27 21:39:01,937 - INFO - sqlalchemy.engine.Engine - [cached since 367s ago] ()
2026-02-27 21:39:01,939 - INFO - sqlalchemy.engine.Engine - ROLLBACK
2026-02-27 21:46:53,685 - INFO - sqlalchemy.engine.Engine - BEGIN (implicit)
2026-02-27 21:46:53,688 - INFO - sqlalchemy.engine.Engine - PRAGMA main.table_info("users")
2026-02-27 21:46:53,690 - INFO - sqlalchemy.engine.Engine - [raw sql] ()
2026-02-27 21:46:53,696 - INFO - sqlalchemy.engine.Engine - PRAGMA main.table_info("vinyls")
2026-02-27 21:46:53,697 - INFO - sqlalchemy.engine.Engine - [raw sql] ()
2026-02-27 21:46:53,702 - INFO - sqlalchemy.engine.Engine - PRAGMA main.table_info("tracks")
2026-02-27 21:46:53,705 - INFO - sqlalchemy.engine.Engine - [raw sql] ()
2026-02-27 21:46:53,710 - INFO - sqlalchemy.engine.Engine - PRAGMA main.table_info("artists")
2026-02-27 21:46:53,711 - INFO - sqlalchemy.engine.Engine - [raw sql] ()
2026-02-27 21:46:53,715 - INFO - sqlalchemy.engine.Engine - PRAGMA main.table_info("formats")
2026-02-27 21:46:53,716 - INFO - sqlalchemy.engine.Engine - [raw sql] ()
2026-02-27 21:46:53,718 - INFO - sqlalchemy.engine.Engine - PRAGMA main.table_info("images")
2026-02-27 21:46:53,719 - INFO - sqlalchemy.engine.Engine - [raw sql] ()
2026-02-27 21:46:53,723 - INFO - sqlalchemy.engine.Engine - PRAGMA main.table_info("identifiers")
2026-02-27 21:46:53,725 - INFO - sqlalchemy.engine.Engine - [raw sql] ()
2026-02-27 21:46:53,728 - INFO - sqlalchemy.engine.Engine - COMMIT
2026-02-27 21:46:53,754 - INFO - aiogram.dispatcher - Start polling
2026-02-27 21:46:54,076 - INFO - aiogram.dispatcher - Run polling for bot @Veny_Records_Bot id=8521577266 - '@Vinyl_Records_Bot'
2026-02-27 21:47:02,753 - INFO - sqlalchemy.engine.Engine - BEGIN (implicit)
2026-02-27 21:47:02,818 - INFO - sqlalchemy.engine.Engine - SELECT users.id, users.telegram_id, users.username, users.first_name, users.last_name, users.language_code, users.is_active, users.created_at 
FROM users ORDER BY users.id
2026-02-27 21:47:02,820 - INFO - sqlalchemy.engine.Engine - [generated in 0.00158s] ()
2026-02-27 21:47:02,825 - INFO - sqlalchemy.engine.Engine - ROLLBACK
2026-02-27 21:47:04,700 - INFO - sqlalchemy.engine.Engine - BEGIN (implicit)
2026-02-27 21:47:04,716 - INFO - sqlalchemy.engine.Engine - SELECT vinyls.id, vinyls.user_id, vinyls.discogs_id, vinyls.title, vinyls.year, vinyls.released, vinyls.country, vinyls.catno, vinyls.notes, vinyls.lowest_price, vinyls.num_for_sale, vinyls.rating_average, vinyls.rating_count, vinyls.have_count, vinyls.want_count, vinyls.genres, vinyls.styles, vinyls.cover_image, vinyls.created_at, users.id AS id_1, users.telegram_id, users.username, users.first_name, users.last_name, users.language_code, users.is_active, users.created_at AS created_at_1 
FROM vinyls JOIN users ON vinyls.user_id = users.telegram_id ORDER BY vinyls.created_at DESC
 LIMIT ? OFFSET ?
2026-02-27 21:47:04,718 - INFO - sqlalchemy.engine.Engine - [generated in 0.00309s] (100, 0)
2026-02-27 21:47:04,747 - INFO - sqlalchemy.engine.Engine - SELECT artists.vinyl_id AS artists_vinyl_id, artists.id AS artists_id, artists.name AS artists_name, artists.role AS artists_role, artists.position AS artists_position 
FROM artists 
WHERE artists.vinyl_id IN (?, ?, ?, ?, ?, ?, ?)
2026-02-27 21:47:04,750 - INFO - sqlalchemy.engine.Engine - [generated in 0.00411s] (9, 8, 7, 6, 5, 3, 1)
2026-02-27 21:47:04,758 - INFO - sqlalchemy.engine.Engine - ROLLBACK
2026-02-27 21:47:22,741 - INFO - sqlalchemy.engine.Engine - BEGIN (implicit)
2026-02-27 21:47:22,745 - INFO - sqlalchemy.engine.Engine - SELECT vinyls.id, vinyls.user_id, vinyls.discogs_id, vinyls.title, vinyls.year, vinyls.released, vinyls.country, vinyls.catno, vinyls.notes, vinyls.lowest_price, vinyls.num_for_sale, vinyls.rating_average, vinyls.rating_count, vinyls.have_count, vinyls.want_count, vinyls.genres, vinyls.styles, vinyls.cover_image, vinyls.created_at 
FROM vinyls 
WHERE vinyls.id = ?
2026-02-27 21:47:22,748 - INFO - sqlalchemy.engine.Engine - [generated in 0.00301s] (9,)
2026-02-27 21:47:22,762 - INFO - sqlalchemy.engine.Engine - SELECT tracks.vinyl_id AS tracks_vinyl_id, tracks.id AS tracks_id, tracks.position AS tracks_position, tracks.title AS tracks_title, tracks.duration AS tracks_duration 
FROM tracks 
WHERE tracks.vinyl_id IN (?)
2026-02-27 21:47:22,764 - INFO - sqlalchemy.engine.Engine - [generated in 0.00235s] (9,)
2026-02-27 21:47:22,774 - INFO - sqlalchemy.engine.Engine - SELECT artists.vinyl_id AS artists_vinyl_id, artists.id AS artists_id, artists.name AS artists_name, artists.role AS artists_role, artists.position AS artists_position 
FROM artists 
WHERE artists.vinyl_id IN (?)
2026-02-27 21:47:22,776 - INFO - sqlalchemy.engine.Engine - [generated in 0.00219s] (9,)
2026-02-27 21:47:22,784 - INFO - sqlalchemy.engine.Engine - SELECT users.id, users.telegram_id, users.username, users.first_name, users.last_name, users.language_code, users.is_active, users.created_at 
FROM users 
WHERE users.telegram_id = ?
2026-02-27 21:47:22,785 - INFO - sqlalchemy.engine.Engine - [generated in 0.00174s] (853723374,)
2026-02-27 21:47:22,789 - INFO - sqlalchemy.engine.Engine - ROLLBACK
2026-02-27 21:47:33,764 - INFO - sqlalchemy.engine.Engine - BEGIN (implicit)
2026-02-27 21:47:33,767 - INFO - sqlalchemy.engine.Engine - SELECT users.id AS users_id, users.telegram_id AS users_telegram_id, users.username AS users_username, users.first_name AS users_first_name, users.last_name AS users_last_name, users.language_code AS users_language_code, users.is_active AS users_is_active, users.created_at AS users_created_at 
FROM users 
WHERE users.id = ?
2026-02-27 21:47:33,770 - INFO - sqlalchemy.engine.Engine - [generated in 0.00273s] (1,)
2026-02-27 21:47:33,783 - INFO - sqlalchemy.engine.Engine - SELECT count(vinyls.id) AS count_1 
FROM vinyls 
WHERE vinyls.user_id = ?
2026-02-27 21:47:33,785 - INFO - sqlalchemy.engine.Engine - [generated in 0.00126s] (853723374,)
2026-02-27 21:47:33,793 - INFO - sqlalchemy.engine.Engine - SELECT vinyls.id, vinyls.user_id, vinyls.discogs_id, vinyls.title, vinyls.year, vinyls.released, vinyls.country, vinyls.catno, vinyls.notes, vinyls.lowest_price, vinyls.num_for_sale, vinyls.rating_average, vinyls.rating_count, vinyls.have_count, vinyls.want_count, vinyls.genres, vinyls.styles, vinyls.cover_image, vinyls.created_at 
FROM vinyls 
WHERE vinyls.user_id = ? ORDER BY vinyls.created_at DESC
2026-02-27 21:47:33,795 - INFO - sqlalchemy.engine.Engine - [generated in 0.00208s] (853723374,)
2026-02-27 21:47:33,799 - INFO - sqlalchemy.engine.Engine - ROLLBACK
2026-02-27 21:47:47,469 - INFO - sqlalchemy.engine.Engine - BEGIN (implicit)
2026-02-27 21:47:47,471 - INFO - sqlalchemy.engine.Engine - SELECT vinyls.id, vinyls.user_id, vinyls.discogs_id, vinyls.title, vinyls.year, vinyls.released, vinyls.country, vinyls.catno, vinyls.notes, vinyls.lowest_price, vinyls.num_for_sale, vinyls.rating_average, vinyls.rating_count, vinyls.have_count, vinyls.want_count, vinyls.genres, vinyls.styles, vinyls.cover_image, vinyls.created_at, users.id AS id_1, users.telegram_id, users.username, users.first_name, users.last_name, users.language_code, users.is_active, users.created_at AS created_at_1 
FROM vinyls JOIN users ON vinyls.user_id = users.telegram_id ORDER BY vinyls.created_at DESC
 LIMIT ? OFFSET ?
2026-02-27 21:47:47,474 - INFO - sqlalchemy.engine.Engine - [cached since 42.76s ago] (100, 0)
2026-02-27 21:47:47,485 - INFO - sqlalchemy.engine.Engine - SELECT artists.vinyl_id AS artists_vinyl_id, artists.id AS artists_id, artists.name AS artists_name, artists.role AS artists_role, artists.position AS artists_position 
FROM artists 
WHERE artists.vinyl_id IN (?, ?, ?, ?, ?, ?, ?)
2026-02-27 21:47:47,487 - INFO - sqlalchemy.engine.Engine - [cached since 42.74s ago] (9, 8, 7, 6, 5, 3, 1)
2026-02-27 21:47:47,491 - INFO - sqlalchemy.engine.Engine - ROLLBACK
2026-02-27 21:47:53,017 - INFO - sqlalchemy.engine.Engine - BEGIN (implicit)
2026-02-27 21:47:53,018 - INFO - sqlalchemy.engine.Engine - SELECT vinyls.id, vinyls.user_id, vinyls.discogs_id, vinyls.title, vinyls.year, vinyls.released, vinyls.country, vinyls.catno, vinyls.notes, vinyls.lowest_price, vinyls.num_for_sale, vinyls.rating_average, vinyls.rating_count, vinyls.have_count, vinyls.want_count, vinyls.genres, vinyls.styles, vinyls.cover_image, vinyls.created_at 
FROM vinyls 
WHERE vinyls.id = ?
2026-02-27 21:47:53,021 - INFO - sqlalchemy.engine.Engine - [cached since 30.28s ago] (9,)
2026-02-27 21:47:53,031 - INFO - sqlalchemy.engine.Engine - SELECT tracks.vinyl_id AS tracks_vinyl_id, tracks.id AS tracks_id, tracks.position AS tracks_position, tracks.title AS tracks_title, tracks.duration AS tracks_duration 
FROM tracks 
WHERE tracks.vinyl_id IN (?)
2026-02-27 21:47:53,033 - INFO - sqlalchemy.engine.Engine - [cached since 30.27s ago] (9,)
2026-02-27 21:47:53,041 - INFO - sqlalchemy.engine.Engine - SELECT artists.vinyl_id AS artists_vinyl_id, artists.id AS artists_id, artists.name AS artists_name, artists.role AS artists_role, artists.position AS artists_position 
FROM artists 
WHERE artists.vinyl_id IN (?)
2026-02-27 21:47:53,043 - INFO - sqlalchemy.engine.Engine - [cached since 30.27s ago] (9,)
2026-02-27 21:47:53,049 - INFO - sqlalchemy.engine.Engine - SELECT users.id, users.telegram_id, users.username, users.first_name, users.last_name, users.language_code, users.is_active, users.created_at 
FROM users 
WHERE users.telegram_id = ?
2026-02-27 21:47:53,050 - INFO - sqlalchemy.engine.Engine - [cached since 30.27s ago] (853723374,)
2026-02-27 21:47:53,053 - INFO - sqlalchemy.engine.Engine - ROLLBACK
2026-02-27 21:47:55,817 - INFO - sqlalchemy.engine.Engine - BEGIN (implicit)
2026-02-27 21:47:55,819 - INFO - sqlalchemy.engine.Engine - SELECT users.id AS users_id, users.telegram_id AS users_telegram_id, users.username AS users_username, users.first_name AS users_first_name, users.last_name AS users_last_name, users.language_code AS users_language_code, users.is_active AS users_is_active, users.created_at AS users_created_at 
FROM users 
WHERE users.id = ?
2026-02-27 21:47:55,822 - INFO - sqlalchemy.engine.Engine - [cached since 22.05s ago] (1,)
2026-02-27 21:47:55,829 - INFO - sqlalchemy.engine.Engine - SELECT count(vinyls.id) AS count_1 
FROM vinyls 
WHERE vinyls.user_id = ?
2026-02-27 21:47:55,830 - INFO - sqlalchemy.engine.Engine - [cached since 22.05s ago] (853723374,)
2026-02-27 21:47:55,834 - INFO - sqlalchemy.engine.Engine - SELECT vinyls.id, vinyls.user_id, vinyls.discogs_id, vinyls.title, vinyls.year, vinyls.released, vinyls.country, vinyls.catno, vinyls.notes, vinyls.lowest_price, vinyls.num_for_sale, vinyls.rating_average, vinyls.rating_count, vinyls.have_count, vinyls.want_count, vinyls.genres, vinyls.styles, vinyls.cover_image, vinyls.created_at 
FROM vinyls 
WHERE vinyls.user_id = ? ORDER BY vinyls.created_at DESC
2026-02-27 21:47:55,836 - INFO - sqlalchemy.engine.Engine - [cached since 22.04s ago] (853723374,)
2026-02-27 21:47:55,841 - INFO - sqlalchemy.engine.Engine - ROLLBACK
2026-02-27 21:50:33,427 - INFO - sqlalchemy.engine.Engine - BEGIN (implicit)
2026-02-27 21:50:33,429 - INFO - sqlalchemy.engine.Engine - PRAGMA main.table_info("users")
2026-02-27 21:50:33,430 - INFO - sqlalchemy.engine.Engine - [raw sql] ()
2026-02-27 21:50:33,435 - INFO - sqlalchemy.engine.Engine - PRAGMA main.table_info("vinyls")
2026-02-27 21:50:33,436 - INFO - sqlalchemy.engine.Engine - [raw sql] ()
2026-02-27 21:50:33,438 - INFO - sqlalchemy.engine.Engine - PRAGMA main.table_info("tracks")
2026-02-27 21:50:33,440 - INFO - sqlalchemy.engine.Engine - [raw sql] ()
2026-02-27 21:50:33,443 - INFO - sqlalchemy.engine.Engine - PRAGMA main.table_info("artists")
2026-02-27 21:50:33,444 - INFO - sqlalchemy.engine.Engine - [raw sql] ()
2026-02-27 21:50:33,448 - INFO - sqlalchemy.engine.Engine - PRAGMA main.table_info("formats")
2026-02-27 21:50:33,450 - INFO - sqlalchemy.engine.Engine - [raw sql] ()
2026-02-27 21:50:33,453 - INFO - sqlalchemy.engine.Engine - PRAGMA main.table_info("images")
2026-02-27 21:50:33,453 - INFO - sqlalchemy.engine.Engine - [raw sql] ()
2026-02-27 21:50:33,456 - INFO - sqlalchemy.engine.Engine - PRAGMA main.table_info("identifiers")
2026-02-27 21:50:33,458 - INFO - sqlalchemy.engine.Engine - [raw sql] ()
2026-02-27 21:50:33,463 - INFO - sqlalchemy.engine.Engine - COMMIT
2026-02-27 21:50:33,486 - INFO - aiogram.dispatcher - Start polling
2026-02-27 21:50:33,755 - INFO - aiogram.dispatcher - Run polling for bot @Veny_Records_Bot id=8521577266 - '@Vinyl_Records_Bot'
2026-02-27 21:50:33,765 - INFO - sqlalchemy.engine.Engine - BEGIN (implicit)
2026-02-27 21:50:33,820 - INFO - sqlalchemy.engine.Engine - SELECT users.id AS users_id, users.telegram_id AS users_telegram_id, users.username AS users_username, users.first_name AS users_first_name, users.last_name AS users_last_name, users.language_code AS users_language_code, users.is_active AS users_is_active, users.created_at AS users_created_at 
FROM users 
WHERE users.id = ?
2026-02-27 21:50:33,822 - INFO - sqlalchemy.engine.Engine - [generated in 0.00273s] (1,)
2026-02-27 21:50:33,832 - INFO - sqlalchemy.engine.Engine - SELECT count(vinyls.id) AS count_1 
FROM vinyls 
WHERE vinyls.user_id = ?
2026-02-27 21:50:33,833 - INFO - sqlalchemy.engine.Engine - [generated in 0.00116s] (853723374,)
2026-02-27 21:50:33,844 - INFO - sqlalchemy.engine.Engine - SELECT vinyls.id, vinyls.user_id, vinyls.discogs_id, vinyls.title, vinyls.year, vinyls.released, vinyls.country, vinyls.catno, vinyls.notes, vinyls.lowest_price, vinyls.num_for_sale, vinyls.rating_average, vinyls.rating_count, vinyls.have_count, vinyls.want_count, vinyls.genres, vinyls.styles, vinyls.cover_image, vinyls.created_at 
FROM vinyls 
WHERE vinyls.user_id = ? ORDER BY vinyls.created_at DESC
2026-02-27 21:50:33,846 - INFO - sqlalchemy.engine.Engine - [generated in 0.00195s] (853723374,)
2026-02-27 21:50:33,851 - INFO - sqlalchemy.engine.Engine - ROLLBACK
2026-02-27 21:50:44,558 - INFO - sqlalchemy.engine.Engine - BEGIN (implicit)
2026-02-27 21:50:44,565 - INFO - sqlalchemy.engine.Engine - SELECT vinyls.id, vinyls.user_id, vinyls.discogs_id, vinyls.title, vinyls.year, vinyls.released, vinyls.country, vinyls.catno, vinyls.notes, vinyls.lowest_price, vinyls.num_for_sale, vinyls.rating_average, vinyls.rating_count, vinyls.have_count, vinyls.want_count, vinyls.genres, vinyls.styles, vinyls.cover_image, vinyls.created_at 
FROM vinyls 
WHERE vinyls.id = ?
2026-02-27 21:50:44,567 - INFO - sqlalchemy.engine.Engine - [generated in 0.00240s] (7,)
2026-02-27 21:50:44,590 - INFO - sqlalchemy.engine.Engine - SELECT tracks.vinyl_id AS tracks_vinyl_id, tracks.id AS tracks_id, tracks.position AS tracks_position, tracks.title AS tracks_title, tracks.duration AS tracks_duration 
FROM tracks 
WHERE tracks.vinyl_id IN (?)
2026-02-27 21:50:44,592 - INFO - sqlalchemy.engine.Engine - [generated in 0.00267s] (7,)
2026-02-27 21:50:44,604 - INFO - sqlalchemy.engine.Engine - SELECT artists.vinyl_id AS artists_vinyl_id, artists.id AS artists_id, artists.name AS artists_name, artists.role AS artists_role, artists.position AS artists_position 
FROM artists 
WHERE artists.vinyl_id IN (?)
2026-02-27 21:50:44,606 - INFO - sqlalchemy.engine.Engine - [generated in 0.00176s] (7,)
2026-02-27 21:50:44,614 - INFO - sqlalchemy.engine.Engine - SELECT users.id, users.telegram_id, users.username, users.first_name, users.last_name, users.language_code, users.is_active, users.created_at 
FROM users 
WHERE users.telegram_id = ?
2026-02-27 21:50:44,616 - INFO - sqlalchemy.engine.Engine - [generated in 0.00206s] (853723374,)
2026-02-27 21:50:44,621 - INFO - sqlalchemy.engine.Engine - ROLLBACK
2026-02-27 21:50:58,096 - INFO - sqlalchemy.engine.Engine - BEGIN (implicit)
2026-02-27 21:50:58,105 - INFO - sqlalchemy.engine.Engine - SELECT vinyls.id, vinyls.user_id, vinyls.discogs_id, vinyls.title, vinyls.year, vinyls.released, vinyls.country, vinyls.catno, vinyls.notes, vinyls.lowest_price, vinyls.num_for_sale, vinyls.rating_average, vinyls.rating_count, vinyls.have_count, vinyls.want_count, vinyls.genres, vinyls.styles, vinyls.cover_image, vinyls.created_at, users.id AS id_1, users.telegram_id, users.username, users.first_name, users.last_name, users.language_code, users.is_active, users.created_at AS created_at_1 
FROM vinyls JOIN users ON vinyls.user_id = users.telegram_id ORDER BY vinyls.created_at DESC
 LIMIT ? OFFSET ?
2026-02-27 21:50:58,108 - INFO - sqlalchemy.engine.Engine - [generated in 0.00306s] (100, 0)
2026-02-27 21:50:58,121 - INFO - sqlalchemy.engine.Engine - SELECT artists.vinyl_id AS artists_vinyl_id, artists.id AS artists_id, artists.name AS artists_name, artists.role AS artists_role, artists.position AS artists_position 
FROM artists 
WHERE artists.vinyl_id IN (?, ?, ?, ?, ?, ?, ?)
2026-02-27 21:50:58,123 - INFO - sqlalchemy.engine.Engine - [generated in 0.00235s] (9, 8, 7, 6, 5, 3, 1)
2026-02-27 21:50:58,129 - INFO - sqlalchemy.engine.Engine - ROLLBACK
2026-02-27 21:50:59,666 - INFO - sqlalchemy.engine.Engine - BEGIN (implicit)
2026-02-27 21:50:59,670 - INFO - sqlalchemy.engine.Engine - SELECT users.id, users.telegram_id, users.username, users.first_name, users.last_name, users.language_code, users.is_active, users.created_at 
FROM users ORDER BY users.id
2026-02-27 21:50:59,671 - INFO - sqlalchemy.engine.Engine - [generated in 0.00197s] ()
2026-02-27 21:50:59,678 - INFO - sqlalchemy.engine.Engine - ROLLBACK
2026-02-27 21:51:00,853 - INFO - sqlalchemy.engine.Engine - BEGIN (implicit)
2026-02-27 21:51:00,856 - INFO - sqlalchemy.engine.Engine - SELECT count(users.id) AS count_1 
FROM users
2026-02-27 21:51:00,857 - INFO - sqlalchemy.engine.Engine - [generated in 0.00141s] ()
2026-02-27 21:51:00,863 - INFO - sqlalchemy.engine.Engine - SELECT count(vinyls.id) AS count_1 
FROM vinyls
2026-02-27 21:51:00,864 - INFO - sqlalchemy.engine.Engine - [generated in 0.00118s] ()
2026-02-27 21:51:00,872 - INFO - sqlalchemy.engine.Engine - SELECT users.id, users.telegram_id, users.username, users.first_name, users.last_name, users.language_code, users.is_active, users.created_at 
FROM users ORDER BY users.created_at DESC
 LIMIT ? OFFSET ?
2026-02-27 21:51:00,874 - INFO - sqlalchemy.engine.Engine - [generated in 0.00246s] (5, 0)
2026-02-27 21:51:00,878 - INFO - sqlalchemy.engine.Engine - ROLLBACK
2026-02-27 21:51:00,881 - INFO - sqlalchemy.engine.Engine - BEGIN (implicit)
2026-02-27 21:51:00,887 - INFO - sqlalchemy.engine.Engine - SELECT date(users.created_at) AS date_1, count(users.id) AS count_1 
FROM users 
WHERE users.created_at >= ? GROUP BY date(users.created_at)
2026-02-27 21:51:00,889 - INFO - sqlalchemy.engine.Engine - [generated in 0.00163s] ('2026-02-20 21:51:00.880791',)
2026-02-27 21:51:00,897 - INFO - sqlalchemy.engine.Engine - SELECT date(vinyls.created_at) AS date_1, count(vinyls.id) AS count_1 
FROM vinyls 
WHERE vinyls.created_at >= ? GROUP BY date(vinyls.created_at)
2026-02-27 21:51:00,898 - INFO - sqlalchemy.engine.Engine - [generated in 0.00132s] ('2026-02-20 21:51:00.880791',)
2026-02-27 21:51:00,905 - INFO - sqlalchemy.engine.Engine - ROLLBACK
2026-02-27 21:53:02,854 - INFO - sqlalchemy.engine.Engine - BEGIN (implicit)
2026-02-27 21:53:02,856 - INFO - sqlalchemy.engine.Engine - PRAGMA main.table_info("users")
2026-02-27 21:53:02,857 - INFO - sqlalchemy.engine.Engine - [raw sql] ()
2026-02-27 21:53:02,861 - INFO - sqlalchemy.engine.Engine - PRAGMA main.table_info("vinyls")
2026-02-27 21:53:02,862 - INFO - sqlalchemy.engine.Engine - [raw sql] ()
2026-02-27 21:53:02,866 - INFO - sqlalchemy.engine.Engine - PRAGMA main.table_info("tracks")
2026-02-27 21:53:02,867 - INFO - sqlalchemy.engine.Engine - [raw sql] ()
2026-02-27 21:53:02,871 - INFO - sqlalchemy.engine.Engine - PRAGMA main.table_info("artists")
2026-02-27 21:53:02,872 - INFO - sqlalchemy.engine.Engine - [raw sql] ()
2026-02-27 21:53:02,876 - INFO - sqlalchemy.engine.Engine - PRAGMA main.table_info("formats")
2026-02-27 21:53:02,877 - INFO - sqlalchemy.engine.Engine - [raw sql] ()
2026-02-27 21:53:02,880 - INFO - sqlalchemy.engine.Engine - PRAGMA main.table_info("images")
2026-02-27 21:53:02,881 - INFO - sqlalchemy.engine.Engine - [raw sql] ()
2026-02-27 21:53:02,885 - INFO - sqlalchemy.engine.Engine - PRAGMA main.table_info("identifiers")
2026-02-27 21:53:02,886 - INFO - sqlalchemy.engine.Engine - [raw sql] ()
2026-02-27 21:53:02,889 - INFO - sqlalchemy.engine.Engine - COMMIT
2026-02-27 21:53:02,913 - INFO - aiogram.dispatcher - Start polling
2026-02-27 21:53:03,056 - INFO - sqlalchemy.engine.Engine - BEGIN (implicit)
2026-02-27 21:53:03,114 - INFO - sqlalchemy.engine.Engine - SELECT count(users.id) AS count_1 
FROM users
2026-02-27 21:53:03,115 - INFO - sqlalchemy.engine.Engine - [generated in 0.00133s] ()
2026-02-27 21:53:03,123 - INFO - sqlalchemy.engine.Engine - SELECT count(vinyls.id) AS count_1 
FROM vinyls
2026-02-27 21:53:03,125 - INFO - sqlalchemy.engine.Engine - [generated in 0.00106s] ()
2026-02-27 21:53:03,133 - INFO - sqlalchemy.engine.Engine - SELECT users.id, users.telegram_id, users.username, users.first_name, users.last_name, users.language_code, users.is_active, users.created_at 
FROM users ORDER BY users.created_at DESC
 LIMIT ? OFFSET ?
2026-02-27 21:53:03,135 - INFO - sqlalchemy.engine.Engine - [generated in 0.00232s] (5, 0)
2026-02-27 21:53:03,140 - INFO - sqlalchemy.engine.Engine - ROLLBACK
2026-02-27 21:53:03,145 - INFO - sqlalchemy.engine.Engine - BEGIN (implicit)
2026-02-27 21:53:03,151 - INFO - sqlalchemy.engine.Engine - SELECT date(users.created_at) AS date_1, count(users.id) AS count_1 
FROM users 
WHERE users.created_at >= ? GROUP BY date(users.created_at)
2026-02-27 21:53:03,153 - INFO - sqlalchemy.engine.Engine - [generated in 0.00217s] ('2026-02-20 21:53:03.143030',)
2026-02-27 21:53:03,164 - INFO - sqlalchemy.engine.Engine - SELECT date(vinyls.created_at) AS date_1, count(vinyls.id) AS count_1 
FROM vinyls 
WHERE vinyls.created_at >= ? GROUP BY date(vinyls.created_at)
2026-02-27 21:53:03,165 - INFO - sqlalchemy.engine.Engine - [generated in 0.00173s] ('2026-02-20 21:53:03.143030',)
2026-02-27 21:53:03,170 - INFO - sqlalchemy.engine.Engine - ROLLBACK
2026-02-27 21:53:03,304 - INFO - aiogram.dispatcher - Run polling for bot @Veny_Records_Bot id=8521577266 - '@Vinyl_Records_Bot'
2026-02-27 21:53:29,711 - INFO - sqlalchemy.engine.Engine - BEGIN (implicit)
2026-02-27 21:53:29,723 - INFO - sqlalchemy.engine.Engine - SELECT vinyls.id, vinyls.user_id, vinyls.discogs_id, vinyls.title, vinyls.year, vinyls.released, vinyls.country, vinyls.catno, vinyls.notes, vinyls.lowest_price, vinyls.num_for_sale, vinyls.rating_average, vinyls.rating_count, vinyls.have_count, vinyls.want_count, vinyls.genres, vinyls.styles, vinyls.cover_image, vinyls.created_at, users.id AS id_1, users.telegram_id, users.username, users.first_name, users.last_name, users.language_code, users.is_active, users.created_at AS created_at_1 
FROM vinyls JOIN users ON vinyls.user_id = users.telegram_id ORDER BY vinyls.created_at DESC
 LIMIT ? OFFSET ?
2026-02-27 21:53:29,726 - INFO - sqlalchemy.engine.Engine - [generated in 0.00259s] (100, 0)
2026-02-27 21:53:29,743 - INFO - sqlalchemy.engine.Engine - SELECT artists.vinyl_id AS artists_vinyl_id, artists.id AS artists_id, artists.name AS artists_name, artists.role AS artists_role, artists.position AS artists_position 
FROM artists 
WHERE artists.vinyl_id IN (?, ?, ?, ?, ?, ?, ?)
2026-02-27 21:53:29,746 - INFO - sqlalchemy.engine.Engine - [generated in 0.00341s] (9, 8, 7, 6, 5, 3, 1)
2026-02-27 21:53:29,752 - INFO - sqlalchemy.engine.Engine - ROLLBACK
2026-02-27 21:53:34,247 - INFO - sqlalchemy.engine.Engine - BEGIN (implicit)
2026-02-27 21:53:34,251 - INFO - sqlalchemy.engine.Engine - SELECT vinyls.id, vinyls.user_id, vinyls.discogs_id, vinyls.title, vinyls.year, vinyls.released, vinyls.country, vinyls.catno, vinyls.notes, vinyls.lowest_price, vinyls.num_for_sale, vinyls.rating_average, vinyls.rating_count, vinyls.have_count, vinyls.want_count, vinyls.genres, vinyls.styles, vinyls.cover_image, vinyls.created_at 
FROM vinyls 
WHERE vinyls.id = ?
2026-02-27 21:53:34,254 - INFO - sqlalchemy.engine.Engine - [generated in 0.00211s] (9,)
2026-02-27 21:53:34,267 - INFO - sqlalchemy.engine.Engine - SELECT tracks.vinyl_id AS tracks_vinyl_id, tracks.id AS tracks_id, tracks.position AS tracks_position, tracks.title AS tracks_title, tracks.duration AS tracks_duration 
FROM tracks 
WHERE tracks.vinyl_id IN (?)
2026-02-27 21:53:34,269 - INFO - sqlalchemy.engine.Engine - [generated in 0.00213s] (9,)
2026-02-27 21:53:34,278 - INFO - sqlalchemy.engine.Engine - SELECT artists.vinyl_id AS artists_vinyl_id, artists.id AS artists_id, artists.name AS artists_name, artists.role AS artists_role, artists.position AS artists_position 
FROM artists 
WHERE artists.vinyl_id IN (?)
2026-02-27 21:53:34,280 - INFO - sqlalchemy.engine.Engine - [generated in 0.00219s] (9,)
2026-02-27 21:53:34,285 - INFO - sqlalchemy.engine.Engine - SELECT users.id, users.telegram_id, users.username, users.first_name, users.last_name, users.language_code, users.is_active, users.created_at 
FROM users 
WHERE users.telegram_id = ?
2026-02-27 21:53:34,287 - INFO - sqlalchemy.engine.Engine - [generated in 0.00147s] (853723374,)
2026-02-27 21:53:34,291 - INFO - sqlalchemy.engine.Engine - ROLLBACK
2026-02-27 21:53:44,273 - INFO - sqlalchemy.engine.Engine - BEGIN (implicit)
2026-02-27 21:53:44,276 - INFO - sqlalchemy.engine.Engine - SELECT users.id, users.telegram_id, users.username, users.first_name, users.last_name, users.language_code, users.is_active, users.created_at 
FROM users ORDER BY users.id
2026-02-27 21:53:44,278 - INFO - sqlalchemy.engine.Engine - [generated in 0.00195s] ()
2026-02-27 21:53:44,286 - INFO - sqlalchemy.engine.Engine - ROLLBACK
2026-02-27 21:53:46,253 - INFO - sqlalchemy.engine.Engine - BEGIN (implicit)
2026-02-27 21:53:46,256 - INFO - sqlalchemy.engine.Engine - SELECT users.id AS users_id, users.telegram_id AS users_telegram_id, users.username AS users_username, users.first_name AS users_first_name, users.last_name AS users_last_name, users.language_code AS users_language_code, users.is_active AS users_is_active, users.created_at AS users_created_at 
FROM users 
WHERE users.id = ?
2026-02-27 21:53:46,258 - INFO - sqlalchemy.engine.Engine - [generated in 0.00188s] (1,)
2026-02-27 21:53:46,268 - INFO - sqlalchemy.engine.Engine - SELECT count(vinyls.id) AS count_1 
FROM vinyls 
WHERE vinyls.user_id = ?
2026-02-27 21:53:46,269 - INFO - sqlalchemy.engine.Engine - [generated in 0.00147s] (853723374,)
2026-02-27 21:53:46,276 - INFO - sqlalchemy.engine.Engine - SELECT vinyls.id, vinyls.user_id, vinyls.discogs_id, vinyls.title, vinyls.year, vinyls.released, vinyls.country, vinyls.catno, vinyls.notes, vinyls.lowest_price, vinyls.num_for_sale, vinyls.rating_average, vinyls.rating_count, vinyls.have_count, vinyls.want_count, vinyls.genres, vinyls.styles, vinyls.cover_image, vinyls.created_at 
FROM vinyls 
WHERE vinyls.user_id = ? ORDER BY vinyls.created_at DESC
2026-02-27 21:53:46,278 - INFO - sqlalchemy.engine.Engine - [generated in 0.00180s] (853723374,)
2026-02-27 21:53:46,283 - INFO - sqlalchemy.engine.Engine - ROLLBACK
2026-02-27 21:54:14,248 - INFO - sqlalchemy.engine.Engine - BEGIN (implicit)
2026-02-27 21:54:14,249 - INFO - sqlalchemy.engine.Engine - SELECT users.id, users.telegram_id, users.username, users.first_name, users.last_name, users.language_code, users.is_active, users.created_at 
FROM users 
WHERE users.telegram_id = ?
2026-02-27 21:54:14,250 - INFO - sqlalchemy.engine.Engine - [cached since 39.96s ago] (853723374,)
2026-02-27 21:54:14,258 - INFO - sqlalchemy.engine.Engine - COMMIT
2026-02-27 21:54:14,263 - INFO - sqlalchemy.engine.Engine - BEGIN (implicit)
2026-02-27 21:54:14,266 - INFO - sqlalchemy.engine.Engine - SELECT users.id, users.telegram_id, users.username, users.first_name, users.last_name, users.language_code, users.is_active, users.created_at 
FROM users 
WHERE users.id = ?
2026-02-27 21:54:14,268 - INFO - sqlalchemy.engine.Engine - [generated in 0.00125s] (1,)
2026-02-27 21:54:14,271 - INFO - sqlalchemy.engine.Engine - ROLLBACK
2026-02-27 21:54:14,272 - INFO - bot_activity - User: 853723374 (@jumin_01) | Action: Message | Content: /find
2026-02-27 21:54:14,548 - INFO - aiogram.event - Update id=641782016 is handled. Duration 295 ms by bot id=8521577266
2026-02-27 21:54:17,270 - INFO - sqlalchemy.engine.Engine - BEGIN (implicit)
2026-02-27 21:54:17,272 - INFO - sqlalchemy.engine.Engine - SELECT users.id AS users_id, users.telegram_id AS users_telegram_id, users.username AS users_username, users.first_name AS users_first_name, users.last_name AS users_last_name, users.language_code AS users_language_code, users.is_active AS users_is_active, users.created_at AS users_created_at 
FROM users 
WHERE users.id = ?
2026-02-27 21:54:17,274 - INFO - sqlalchemy.engine.Engine - [cached since 31.02s ago] (1,)
2026-02-27 21:54:17,279 - INFO - sqlalchemy.engine.Engine - SELECT count(vinyls.id) AS count_1 
FROM vinyls 
WHERE vinyls.user_id = ?
2026-02-27 21:54:17,281 - INFO - sqlalchemy.engine.Engine - [cached since 31.01s ago] (853723374,)
2026-02-27 21:54:17,284 - INFO - sqlalchemy.engine.Engine - SELECT vinyls.id, vinyls.user_id, vinyls.discogs_id, vinyls.title, vinyls.year, vinyls.released, vinyls.country, vinyls.catno, vinyls.notes, vinyls.lowest_price, vinyls.num_for_sale, vinyls.rating_average, vinyls.rating_count, vinyls.have_count, vinyls.want_count, vinyls.genres, vinyls.styles, vinyls.cover_image, vinyls.created_at 
FROM vinyls 
WHERE vinyls.user_id = ? ORDER BY vinyls.created_at DESC
2026-02-27 21:54:17,286 - INFO - sqlalchemy.engine.Engine - [cached since 31.01s ago] (853723374,)
2026-02-27 21:54:17,292 - INFO - sqlalchemy.engine.Engine - ROLLBACK
2026-02-27 21:54:27,383 - INFO - sqlalchemy.engine.Engine - BEGIN (implicit)
2026-02-27 21:54:27,384 - INFO - sqlalchemy.engine.Engine - SELECT users.id, users.telegram_id, users.username, users.first_name, users.last_name, users.language_code, users.is_active, users.created_at 
FROM users 
WHERE users.telegram_id = ?
2026-02-27 21:54:27,385 - INFO - sqlalchemy.engine.Engine - [cached since 53.1s ago] (853723374,)
2026-02-27 21:54:27,388 - INFO - sqlalchemy.engine.Engine - COMMIT
2026-02-27 21:54:27,391 - INFO - sqlalchemy.engine.Engine - BEGIN (implicit)
2026-02-27 21:54:27,392 - INFO - sqlalchemy.engine.Engine - SELECT users.id, users.telegram_id, users.username, users.first_name, users.last_name, users.language_code, users.is_active, users.created_at 
FROM users 
WHERE users.id = ?
2026-02-27 21:54:27,394 - INFO - sqlalchemy.engine.Engine - [cached since 13.13s ago] (1,)
2026-02-27 21:54:27,398 - INFO - sqlalchemy.engine.Engine - ROLLBACK
2026-02-27 21:54:27,401 - INFO - bot_activity - User: 853723374 (@jumin_01) | Action: Message | Content: Я тут пошукаю
2026-02-27 21:54:27,420 - INFO - aiogram.event - Update id=641782017 is not handled. Duration 45 ms by bot id=8521577266
2026-02-27 21:54:30,107 - INFO - sqlalchemy.engine.Engine - BEGIN (implicit)
2026-02-27 21:54:30,109 - INFO - sqlalchemy.engine.Engine - SELECT users.id AS users_id, users.telegram_id AS users_telegram_id, users.username AS users_username, users.first_name AS users_first_name, users.last_name AS users_last_name, users.language_code AS users_language_code, users.is_active AS users_is_active, users.created_at AS users_created_at 
FROM users 
WHERE users.id = ?
2026-02-27 21:54:30,112 - INFO - sqlalchemy.engine.Engine - [cached since 43.85s ago] (1,)
2026-02-27 21:54:30,116 - INFO - sqlalchemy.engine.Engine - SELECT count(vinyls.id) AS count_1 
FROM vinyls 
WHERE vinyls.user_id = ?
2026-02-27 21:54:30,117 - INFO - sqlalchemy.engine.Engine - [cached since 43.85s ago] (853723374,)
2026-02-27 21:54:30,121 - INFO - sqlalchemy.engine.Engine - SELECT vinyls.id, vinyls.user_id, vinyls.discogs_id, vinyls.title, vinyls.year, vinyls.released, vinyls.country, vinyls.catno, vinyls.notes, vinyls.lowest_price, vinyls.num_for_sale, vinyls.rating_average, vinyls.rating_count, vinyls.have_count, vinyls.want_count, vinyls.genres, vinyls.styles, vinyls.cover_image, vinyls.created_at 
FROM vinyls 
WHERE vinyls.user_id = ? ORDER BY vinyls.created_at DESC
2026-02-27 21:54:30,123 - INFO - sqlalchemy.engine.Engine - [cached since 43.85s ago] (853723374,)
2026-02-27 21:54:30,127 - INFO - sqlalchemy.engine.Engine - ROLLBACK
2026-02-27 21:54:52,653 - INFO - sqlalchemy.engine.Engine - BEGIN (implicit)
2026-02-27 21:54:52,654 - INFO - sqlalchemy.engine.Engine - SELECT count(users.id) AS count_1 
FROM users
2026-02-27 21:54:52,656 - INFO - sqlalchemy.engine.Engine - [cached since 109.5s ago] ()
2026-02-27 21:54:52,662 - INFO - sqlalchemy.engine.Engine - SELECT count(vinyls.id) AS count_1 
FROM vinyls
2026-02-27 21:54:52,664 - INFO - sqlalchemy.engine.Engine - [cached since 109.5s ago] ()
2026-02-27 21:54:52,672 - INFO - sqlalchemy.engine.Engine - SELECT users.id, users.telegram_id, users.username, users.first_name, users.last_name, users.language_code, users.is_active, users.created_at 
FROM users ORDER BY users.created_at DESC
 LIMIT ? OFFSET ?
2026-02-27 21:54:52,674 - INFO - sqlalchemy.engine.Engine - [cached since 109.5s ago] (5, 0)
2026-02-27 21:54:52,683 - INFO - sqlalchemy.engine.Engine - ROLLBACK
2026-02-27 21:54:52,688 - INFO - sqlalchemy.engine.Engine - BEGIN (implicit)
2026-02-27 21:54:52,689 - INFO - sqlalchemy.engine.Engine - SELECT date(users.created_at) AS date_1, count(users.id) AS count_1 
FROM users 
WHERE users.created_at >= ? GROUP BY date(users.created_at)
2026-02-27 21:54:52,691 - INFO - sqlalchemy.engine.Engine - [cached since 109.5s ago] ('2026-02-20 21:54:52.686405',)
2026-02-27 21:54:52,701 - INFO - sqlalchemy.engine.Engine - SELECT date(vinyls.created_at) AS date_1, count(vinyls.id) AS count_1 
FROM vinyls 
WHERE vinyls.created_at >= ? GROUP BY date(vinyls.created_at)
2026-02-27 21:54:52,703 - INFO - sqlalchemy.engine.Engine - [cached since 109.5s ago] ('2026-02-20 21:54:52.686405',)
2026-02-27 21:54:52,725 - INFO - sqlalchemy.engine.Engine - ROLLBACK
